-- MySQL dump 10.13  Distrib 5.7.33, for Win64 (x86_64)
--
-- Host: 127.0.0.1    Database: guli
-- ------------------------------------------------------
-- Server version	5.7.33-log

/*!40101 SET @OLD_CHARACTER_SET_CLIENT=@@CHARACTER_SET_CLIENT */;
/*!40101 SET @OLD_CHARACTER_SET_RESULTS=@@CHARACTER_SET_RESULTS */;
/*!40101 SET @OLD_COLLATION_CONNECTION=@@COLLATION_CONNECTION */;
/*!40101 SET NAMES utf8 */;
/*!40103 SET @OLD_TIME_ZONE=@@TIME_ZONE */;
/*!40103 SET TIME_ZONE='+00:00' */;
/*!40014 SET @OLD_UNIQUE_CHECKS=@@UNIQUE_CHECKS, UNIQUE_CHECKS=0 */;
/*!40014 SET @OLD_FOREIGN_KEY_CHECKS=@@FOREIGN_KEY_CHECKS, FOREIGN_KEY_CHECKS=0 */;
/*!40101 SET @OLD_SQL_MODE=@@SQL_MODE, SQL_MODE='NO_AUTO_VALUE_ON_ZERO' */;
/*!40111 SET @OLD_SQL_NOTES=@@SQL_NOTES, SQL_NOTES=0 */;
SET @MYSQLDUMP_TEMP_LOG_BIN = @@SESSION.SQL_LOG_BIN;
SET @@SESSION.SQL_LOG_BIN= 0;

--
-- GTID state at the beginning of the backup 
--

SET @@GLOBAL.GTID_PURGED='257a497e-3211-11ee-a7c9-6c240813fb00:1-160699';

--
-- Current Database: `guli`
--

CREATE DATABASE /*!32312 IF NOT EXISTS*/ `guli` /*!40100 DEFAULT CHARACTER SET utf8mb4 */;

USE `guli`;

--
-- Table structure for table `acl_permission`
--

DROP TABLE IF EXISTS `acl_permission`;
/*!40101 SET @saved_cs_client     = @@character_set_client */;
/*!40101 SET character_set_client = utf8 */;
CREATE TABLE `acl_permission` (
  `id` char(19) NOT NULL DEFAULT '' COMMENT '编号',
  `pid` char(19) NOT NULL DEFAULT '' COMMENT '所属上级',
  `name` varchar(20) NOT NULL DEFAULT '' COMMENT '名称',
  `type` tinyint(3) NOT NULL DEFAULT '0' COMMENT '类型(1:菜单,2:按钮)',
  `permission_value` varchar(50) DEFAULT NULL COMMENT '权限值',
  `path` varchar(100) DEFAULT NULL COMMENT '访问路径',
  `component` varchar(100) DEFAULT NULL COMMENT '组件路径',
  `icon` varchar(50) DEFAULT NULL COMMENT '图标',
  `status` tinyint(4) DEFAULT NULL COMMENT '状态(0:禁止,1:正常)',
  `is_deleted` tinyint(1) unsigned NOT NULL DEFAULT '0' COMMENT '逻辑删除 1（true）已删除， 0（false）未删除',
  `gmt_create` datetime DEFAULT NULL COMMENT '创建时间',
  `gmt_modified` datetime DEFAULT NULL COMMENT '更新时间',
  PRIMARY KEY (`id`),
  KEY `idx_pid` (`pid`)
) ENGINE=InnoDB DEFAULT CHARSET=utf8mb4 COMMENT='权限';
/*!40101 SET character_set_client = @saved_cs_client */;

--
-- Dumping data for table `acl_permission`
--

LOCK TABLES `acl_permission` WRITE;
/*!40000 ALTER TABLE `acl_permission` DISABLE KEYS */;
INSERT INTO `acl_permission` VALUES ('1','0','全部数据',0,NULL,NULL,NULL,NULL,NULL,0,'2019-11-15 17:13:06','2019-11-15 17:13:06'),('1195268474480156673','1','权限管理',1,NULL,'/acl','Layout',NULL,NULL,0,'2019-11-15 17:13:06','2019-11-18 13:54:25'),('1195268616021139457','1195268474480156673','用户管理',1,NULL,'user/list','/acl/user/list',NULL,NULL,0,'2019-11-15 17:13:40','2019-11-18 13:53:12'),('1195268788138598401','1195268474480156673','角色管理',1,NULL,'role/list','/acl/role/list',NULL,NULL,0,'2019-11-15 17:14:21','2019-11-15 17:14:21'),('1195268893830864898','1195268474480156673','菜单管理',1,NULL,'menu/list','/acl/menu/list',NULL,NULL,0,'2019-11-15 17:14:46','2019-11-15 17:14:46'),('1195269143060602882','1195268616021139457','查看',2,'user.list','','',NULL,NULL,0,'2019-11-15 17:15:45','2019-11-17 21:57:16'),('1195269295926206466','1195268616021139457','添加',2,'user.add','user/add','/acl/user/form',NULL,NULL,0,'2019-11-15 17:16:22','2019-11-15 17:16:22'),('1195269473479483394','1195268616021139457','修改',2,'user.update','user/update/:id','/acl/user/form',NULL,NULL,0,'2019-11-15 17:17:04','2019-11-15 17:17:04'),('1195269547269873666','1195268616021139457','删除',2,'user.remove','','',NULL,NULL,0,'2019-11-15 17:17:22','2019-11-15 17:17:22'),('1195269821262782465','1195268788138598401','修改',2,'role.update','role/update/:id','/acl/role/form',NULL,NULL,0,'2019-11-15 17:18:27','2019-11-15 17:19:53'),('1195269903542444034','1195268788138598401','查看',2,'role.list','','',NULL,NULL,0,'2019-11-15 17:18:47','2019-11-15 17:18:47'),('1195270037005197313','1195268788138598401','添加',2,'role.add','role/add','/acl/role/form',NULL,NULL,0,'2019-11-15 17:19:19','2019-11-18 11:05:42'),('1195270442602782721','1195268788138598401','删除',2,'role.remove','','',NULL,NULL,0,'2019-11-15 17:20:55','2019-11-15 17:20:55'),('1195270621548568578','1195268788138598401','角色权限',2,'role.acl','role/distribution/:id','/acl/role/roleForm',NULL,NULL,0,'2019-11-15 17:21:38','2019-11-15 17:21:38'),('1195270744097742849','1195268893830864898','查看',2,'permission.list','','',NULL,NULL,0,'2019-11-15 17:22:07','2019-11-15 17:22:07'),('1195270810560684034','1195268893830864898','添加',2,'permission.add','','',NULL,NULL,0,'2019-11-15 17:22:23','2019-11-15 17:22:23'),('1195270862100291586','1195268893830864898','修改',2,'permission.update','','',NULL,NULL,0,'2019-11-15 17:22:35','2019-11-15 17:22:35'),('1195270887933009922','1195268893830864898','删除',2,'permission.remove','','',NULL,NULL,0,'2019-11-15 17:22:41','2019-11-15 17:22:41'),('1195349439240048642','1','讲师管理',1,NULL,'/edu/teacher','Layout',NULL,NULL,0,'2019-11-15 22:34:49','2019-11-15 22:34:49'),('1195349699995734017','1195349439240048642','讲师列表',1,NULL,'list','/edu/teacher/list',NULL,NULL,0,'2019-11-15 22:35:52','2019-11-15 22:35:52'),('1195349810561781761','1195349439240048642','添加讲师',1,NULL,'save','/edu/teacher/save',NULL,NULL,0,'2019-11-15 22:36:18','2019-11-15 22:36:18'),('1195349876252971010','1195349810561781761','添加',2,'teacher.add','','',NULL,NULL,0,'2019-11-15 22:36:34','2019-11-15 22:36:34'),('1195349979797753857','1195349699995734017','查看',2,'teacher.list','','',NULL,NULL,0,'2019-11-15 22:36:58','2019-11-15 22:36:58'),('1195350117270261762','1195349699995734017','修改',2,'teacher.update','edit/:id','/edu/teacher/save',NULL,NULL,0,'2019-11-15 22:37:31','2019-11-15 22:37:31'),('1195350188359520258','1195349699995734017','删除',2,'teacher.remove','','',NULL,NULL,0,'2019-11-15 22:37:48','2019-11-15 22:37:48'),('1195350299365969922','1','课程分类',1,NULL,'/edu/subject','Layout',NULL,NULL,0,'2019-11-15 22:38:15','2019-11-15 22:38:15'),('1195350397751758850','1195350299365969922','课程分类列表',1,NULL,'list','/edu/subject/list',NULL,NULL,0,'2019-11-15 22:38:38','2019-11-15 22:38:38'),('1195350500512206850','1195350299365969922','导入课程分类',1,NULL,'save','/edu/subject/save',NULL,NULL,0,'2019-11-15 22:39:03','2019-11-15 22:39:03'),('1195350612172967938','1195350397751758850','查看',2,'subject.list','','',NULL,NULL,0,'2019-11-15 22:39:29','2019-11-15 22:39:29'),('1195350687590748161','1195350500512206850','导入',2,'subject.import','','',NULL,NULL,0,'2019-11-15 22:39:47','2019-11-15 22:39:47'),('1195350831744782337','1','课程管理',1,NULL,'/edu/course','Layout',NULL,NULL,0,'2019-11-15 22:40:21','2019-11-15 22:40:21'),('1195350919074385921','1195350831744782337','课程列表',1,NULL,'list','/edu/course/list',NULL,NULL,0,'2019-11-15 22:40:42','2019-11-15 22:40:42'),('1195351020463296513','1195350831744782337','发布课程',1,NULL,'info','/edu/course/info',NULL,NULL,0,'2019-11-15 22:41:06','2019-11-15 22:41:06'),('1195351159672246274','1195350919074385921','完成发布',2,'course.publish','publish/:id','/edu/course/publish',NULL,NULL,0,'2019-11-15 22:41:40','2019-11-15 22:44:01'),('1195351326706208770','1195350919074385921','编辑课程',2,'course.update','info/:id','/edu/course/info',NULL,NULL,0,'2019-11-15 22:42:19','2019-11-15 22:42:19'),('1195351566221938690','1195350919074385921','编辑课程大纲',2,'chapter.update','chapter/:id','/edu/course/chapter',NULL,NULL,0,'2019-11-15 22:43:17','2019-11-15 22:43:17'),('1195351862889254913','1','统计分析',1,NULL,'/statistics','Layout',NULL,NULL,0,'2019-11-15 22:44:27','2019-11-15 22:44:27'),('1195351968841568257','1195351862889254913','生成统计',1,NULL,'create','/statistics/create',NULL,NULL,0,'2019-11-15 22:44:53','2019-11-15 22:44:53'),('1195352054917074946','1195351862889254913','统计图表',1,NULL,'show','/statistics/show',NULL,NULL,0,'2019-11-15 22:45:13','2019-11-15 22:45:13'),('1195352127734386690','1195352054917074946','查看',2,'daily.list','','',NULL,NULL,0,'2019-11-15 22:45:30','2019-11-15 22:45:30'),('1195352215768633346','1195351968841568257','生成',2,'daily.add','','',NULL,NULL,0,'2019-11-15 22:45:51','2019-11-15 22:45:51'),('1195352547621965825','1','CMS管理',1,NULL,'/cms','Layout',NULL,NULL,0,'2019-11-15 22:47:11','2019-11-18 10:51:46'),('1195352856645701633','1195353513549205505','查看',2,'banner.list','',NULL,NULL,NULL,0,'2019-11-15 22:48:24','2019-11-15 22:48:24'),('1195352909401657346','1195353513549205505','添加',2,'banner.add','banner/add','/cms/banner/form',NULL,NULL,0,'2019-11-15 22:48:37','2019-11-18 10:52:10'),('1195353051395624961','1195353513549205505','修改',2,'banner.update','banner/update/:id','/cms/banner/form',NULL,NULL,0,'2019-11-15 22:49:11','2019-11-18 10:52:05'),('1195353513549205505','1195352547621965825','Bander列表',1,NULL,'banner/list','/cms/banner/list',NULL,NULL,0,'2019-11-15 22:51:01','2019-11-18 10:51:29'),('1195353672110673921','1195353513549205505','删除',2,'banner.remove','','',NULL,NULL,0,'2019-11-15 22:51:39','2019-11-15 22:51:39'),('1195354076890370050','1','订单管理',1,NULL,'/order','Layout',NULL,NULL,0,'2019-11-15 22:53:15','2019-11-15 22:53:15'),('1195354153482555393','1195354076890370050','订单列表',1,NULL,'list','/order/list',NULL,NULL,0,'2019-11-15 22:53:33','2019-11-15 22:53:58'),('1195354315093282817','1195354153482555393','查看',2,'order.list','','',NULL,NULL,0,'2019-11-15 22:54:12','2019-11-15 22:54:12'),('1196301740985311234','1195268616021139457','分配角色',2,'user.assgin','user/role/:id','/acl/user/roleForm',NULL,NULL,0,'2019-11-18 13:38:56','2019-11-18 13:38:56'),('1742747030058524674','1','test2',1,NULL,'/test','Layout',NULL,NULL,1,'2024-01-04 11:17:25','2024-01-04 11:18:48'),('1742747349865816065','1742747030058524674','test22',1,NULL,'/test2','Layout',NULL,NULL,1,'2024-01-04 11:18:42','2024-01-04 11:18:42');
/*!40000 ALTER TABLE `acl_permission` ENABLE KEYS */;
UNLOCK TABLES;

--
-- Table structure for table `acl_role`
--

DROP TABLE IF EXISTS `acl_role`;
/*!40101 SET @saved_cs_client     = @@character_set_client */;
/*!40101 SET character_set_client = utf8 */;
CREATE TABLE `acl_role` (
  `id` char(19) NOT NULL DEFAULT '' COMMENT '角色id',
  `role_name` varchar(20) NOT NULL DEFAULT '' COMMENT '角色名称',
  `role_code` varchar(20) DEFAULT NULL COMMENT '角色编码',
  `remark` varchar(255) DEFAULT NULL COMMENT '备注',
  `is_deleted` tinyint(1) unsigned NOT NULL DEFAULT '0' COMMENT '逻辑删除 1（true）已删除， 0（false）未删除',
  `gmt_create` datetime NOT NULL COMMENT '创建时间',
  `gmt_modified` datetime NOT NULL COMMENT '更新时间',
  PRIMARY KEY (`id`)
) ENGINE=InnoDB DEFAULT CHARSET=utf8;
/*!40101 SET character_set_client = @saved_cs_client */;

--
-- Dumping data for table `acl_role`
--

LOCK TABLES `acl_role` WRITE;
/*!40000 ALTER TABLE `acl_role` DISABLE KEYS */;
INSERT INTO `acl_role` VALUES ('1','普通管理员',NULL,NULL,0,'2019-11-11 13:09:32','2019-11-18 10:27:18'),('1193757683205607426','课程管理员',NULL,NULL,0,'2019-11-11 13:09:45','2019-11-18 10:25:44'),('1196300996034977794','test',NULL,NULL,0,'2019-11-18 13:35:58','2024-01-04 10:39:09'),('1742736440640495617','讲师管理员',NULL,NULL,0,'2024-01-04 10:35:21','2024-01-04 10:35:21');
/*!40000 ALTER TABLE `acl_role` ENABLE KEYS */;
UNLOCK TABLES;

--
-- Table structure for table `acl_role_permission`
--

DROP TABLE IF EXISTS `acl_role_permission`;
/*!40101 SET @saved_cs_client     = @@character_set_client */;
/*!40101 SET character_set_client = utf8 */;
CREATE TABLE `acl_role_permission` (
  `id` char(19) NOT NULL DEFAULT '',
  `role_id` char(19) NOT NULL DEFAULT '',
  `permission_id` char(19) NOT NULL DEFAULT '',
  `is_deleted` tinyint(1) unsigned NOT NULL DEFAULT '0' COMMENT '逻辑删除 1（true）已删除， 0（false）未删除',
  `gmt_create` datetime NOT NULL COMMENT '创建时间',
  `gmt_modified` datetime NOT NULL COMMENT '更新时间',
  PRIMARY KEY (`id`),
  KEY `idx_role_id` (`role_id`),
  KEY `idx_permission_id` (`permission_id`)
) ENGINE=InnoDB DEFAULT CHARSET=utf8 COMMENT='角色权限';
/*!40101 SET character_set_client = @saved_cs_client */;

--
-- Dumping data for table `acl_role_permission`
--

LOCK TABLES `acl_role_permission` WRITE;
/*!40000 ALTER TABLE `acl_role_permission` DISABLE KEYS */;
INSERT INTO `acl_role_permission` VALUES ('1196301979754455041','1','1',1,'2019-11-18 13:39:53','2019-11-18 13:39:53'),('1196301979792203778','1','1195268474480156673',1,'2019-11-18 13:39:53','2019-11-18 13:39:53'),('1196301979821563906','1','1195268616021139457',1,'2019-11-18 13:39:53','2019-11-18 13:39:53'),('1196301979842535426','1','1195269143060602882',1,'2019-11-18 13:39:53','2019-11-18 13:39:53'),('1196301979855118338','1','1195269295926206466',1,'2019-11-18 13:39:53','2019-11-18 13:39:53'),('1196301979880284161','1','1195269473479483394',1,'2019-11-18 13:39:53','2019-11-18 13:39:53'),('1196301979913838593','1','1195269547269873666',1,'2019-11-18 13:39:53','2019-11-18 13:39:53'),('1196301979926421506','1','1196301740985311234',1,'2019-11-18 13:39:53','2019-11-18 13:39:53'),('1196301979951587330','1','1195268788138598401',1,'2019-11-18 13:39:53','2019-11-18 13:39:53'),('1196301980014501889','1','1195269821262782465',1,'2019-11-18 13:39:53','2019-11-18 13:39:53'),('1196301980035473410','1','1195269903542444034',1,'2019-11-18 13:39:53','2019-11-18 13:39:53'),('1196301980052250626','1','1195270037005197313',1,'2019-11-18 13:39:53','2019-11-18 13:39:53'),('1196301980077416450','1','1195270442602782721',1,'2019-11-18 13:39:53','2019-11-18 13:39:53'),('1196301980094193665','1','1195270621548568578',1,'2019-11-18 13:39:53','2019-11-18 13:39:53'),('1196301980119359489','1','1195268893830864898',1,'2019-11-18 13:39:53','2019-11-18 13:39:53'),('1196301980136136706','1','1195270744097742849',1,'2019-11-18 13:39:53','2019-11-18 13:39:53'),('1196301980249382913','1','1195270810560684034',1,'2019-11-18 13:39:53','2019-11-18 13:39:53'),('1196301980270354434','1','1195270862100291586',1,'2019-11-18 13:39:53','2019-11-18 13:39:53'),('1196301980287131649','1','1195270887933009922',1,'2019-11-18 13:39:53','2019-11-18 13:39:53'),('1196301980303908866','1','1195349439240048642',1,'2019-11-18 13:39:53','2019-11-18 13:39:53'),('1196301980320686082','1','1195349699995734017',1,'2019-11-18 13:39:53','2019-11-18 13:39:53'),('1196301980345851905','1','1195349979797753857',1,'2019-11-18 13:39:53','2019-11-18 13:39:53'),('1196301980362629121','1','1195350117270261762',1,'2019-11-18 13:39:53','2019-11-18 13:39:53'),('1196301980383600641','1','1195350188359520258',1,'2019-11-18 13:39:53','2019-11-18 13:39:53'),('1196301980408766465','1','1195349810561781761',1,'2019-11-18 13:39:53','2019-11-18 13:39:53'),('1196301980421349378','1','1195349876252971010',1,'2019-11-18 13:39:53','2019-11-18 13:39:53'),('1196301980438126593','1','1195350299365969922',1,'2019-11-18 13:39:53','2019-11-18 13:39:53'),('1196301980450709506','1','1195350397751758850',1,'2019-11-18 13:39:53','2019-11-18 13:39:53'),('1196301980501041153','1','1195350612172967938',1,'2019-11-18 13:39:53','2019-11-18 13:39:53'),('1196301980517818370','1','1195350500512206850',1,'2019-11-18 13:39:53','2019-11-18 13:39:53'),('1196301980538789889','1','1195350687590748161',1,'2019-11-18 13:39:53','2019-11-18 13:39:53'),('1196301980622675970','1','1195350831744782337',1,'2019-11-18 13:39:53','2019-11-18 13:39:53'),('1196301980639453186','1','1195350919074385921',1,'2019-11-18 13:39:53','2019-11-18 13:39:53'),('1196301980660424705','1','1195351159672246274',1,'2019-11-18 13:39:53','2019-11-18 13:39:53'),('1196301980677201922','1','1195351326706208770',1,'2019-11-18 13:39:53','2019-11-18 13:39:53'),('1196301980698173441','1','1195351566221938690',1,'2019-11-18 13:39:53','2019-11-18 13:39:53'),('1196301980714950658','1','1195351020463296513',1,'2019-11-18 13:39:53','2019-11-18 13:39:53'),('1196301980723339266','1','1195351862889254913',1,'2019-11-18 13:39:53','2019-11-18 13:39:53'),('1196301980744310786','1','1195351968841568257',1,'2019-11-18 13:39:53','2019-11-18 13:39:53'),('1196301980761088001','1','1195352215768633346',1,'2019-11-18 13:39:53','2019-11-18 13:39:53'),('1196301980777865217','1','1195352054917074946',1,'2019-11-18 13:39:53','2019-11-18 13:39:53'),('1196301980794642434','1','1195352127734386690',1,'2019-11-18 13:39:53','2019-11-18 13:39:53'),('1196301980811419650','1','1195352547621965825',1,'2019-11-18 13:39:53','2019-11-18 13:39:53'),('1196301980828196865','1','1195353513549205505',1,'2019-11-18 13:39:53','2019-11-18 13:39:53'),('1196301980844974082','1','1195352856645701633',1,'2019-11-18 13:39:53','2019-11-18 13:39:53'),('1196301980861751298','1','1195352909401657346',1,'2019-11-18 13:39:53','2019-11-18 13:39:53'),('1196301980886917122','1','1195353051395624961',1,'2019-11-18 13:39:53','2019-11-18 13:39:53'),('1196301980928860162','1','1195353672110673921',1,'2019-11-18 13:39:53','2019-11-18 13:39:53'),('1196301980954025986','1','1195354076890370050',1,'2019-11-18 13:39:53','2019-11-18 13:39:53'),('1196301980970803201','1','1195354153482555393',1,'2019-11-18 13:39:53','2019-11-18 13:39:53'),('1196301980987580418','1','1195354315093282817',1,'2019-11-18 13:39:53','2019-11-18 13:39:53'),('1196305293070077953','1','1',1,'2019-11-18 13:53:03','2019-11-18 13:53:03'),('1196305293099438081','1','1195268474480156673',1,'2019-11-18 13:53:03','2019-11-18 13:53:03'),('1196305293120409602','1','1195268616021139457',1,'2019-11-18 13:53:03','2019-11-18 13:53:03'),('1196305293153964034','1','1195269143060602882',1,'2019-11-18 13:53:03','2019-11-18 13:53:03'),('1196305293183324162','1','1195269295926206466',1,'2019-11-18 13:53:03','2019-11-18 13:53:03'),('1196305293212684290','1','1195269473479483394',1,'2019-11-18 13:53:03','2019-11-18 13:53:03'),('1196305293237850114','1','1195269547269873666',1,'2019-11-18 13:53:03','2019-11-18 13:53:03'),('1196305293271404545','1','1196301740985311234',1,'2019-11-18 13:53:03','2019-11-18 13:53:03'),('1196305293485314049','1','1195268788138598401',1,'2019-11-18 13:53:03','2019-11-18 13:53:03'),('1196305293506285569','1','1195269821262782465',1,'2019-11-18 13:53:03','2019-11-18 13:53:03'),('1196305293527257089','1','1195269903542444034',1,'2019-11-18 13:53:03','2019-11-18 13:53:03'),('1196305293552422914','1','1195270037005197313',1,'2019-11-18 13:53:03','2019-11-18 13:53:03'),('1196305293565005825','1','1195270442602782721',1,'2019-11-18 13:53:03','2019-11-18 13:53:03'),('1196305293594365954','1','1195270621548568578',1,'2019-11-18 13:53:03','2019-11-18 13:53:03'),('1196305293611143169','1','1195268893830864898',1,'2019-11-18 13:53:03','2019-11-18 13:53:03'),('1196305293627920385','1','1195270744097742849',1,'2019-11-18 13:53:03','2019-11-18 13:53:03'),('1196305293657280513','1','1195349439240048642',1,'2019-11-18 13:53:03','2019-11-18 13:53:03'),('1196305293674057729','1','1195349699995734017',1,'2019-11-18 13:53:03','2019-11-18 13:53:03'),('1196305293690834946','1','1195349979797753857',1,'2019-11-18 13:53:03','2019-11-18 13:53:03'),('1196305293716000770','1','1195350117270261762',1,'2019-11-18 13:53:03','2019-11-18 13:53:03'),('1196305293736972290','1','1195350188359520258',1,'2019-11-18 13:53:03','2019-11-18 13:53:03'),('1196305293749555202','1','1195349810561781761',1,'2019-11-18 13:53:03','2019-11-18 13:53:03'),('1196305293766332417','1','1195349876252971010',1,'2019-11-18 13:53:03','2019-11-18 13:53:03'),('1196305293795692546','1','1195350299365969922',1,'2019-11-18 13:53:03','2019-11-18 13:53:03'),('1196305293812469762','1','1195350397751758850',1,'2019-11-18 13:53:03','2019-11-18 13:53:03'),('1196305293837635586','1','1195350612172967938',1,'2019-11-18 13:53:03','2019-11-18 13:53:03'),('1196305293858607106','1','1195350500512206850',1,'2019-11-18 13:53:03','2019-11-18 13:53:03'),('1196305293875384322','1','1195350687590748161',1,'2019-11-18 13:53:03','2019-11-18 13:53:03'),('1196305293892161538','1','1195350831744782337',1,'2019-11-18 13:53:03','2019-11-18 13:53:03'),('1196305293950881794','1','1195350919074385921',1,'2019-11-18 13:53:03','2019-11-18 13:53:03'),('1196305293976047617','1','1195351159672246274',1,'2019-11-18 13:53:03','2019-11-18 13:53:03'),('1196305294127042561','1','1195351326706208770',1,'2019-11-18 13:53:03','2019-11-18 13:53:03'),('1196305294156402690','1','1195351566221938690',1,'2019-11-18 13:53:03','2019-11-18 13:53:03'),('1196305294177374209','1','1195351862889254913',1,'2019-11-18 13:53:03','2019-11-18 13:53:03'),('1196305294194151425','1','1195351968841568257',1,'2019-11-18 13:53:03','2019-11-18 13:53:03'),('1196305294223511554','1','1195352215768633346',1,'2019-11-18 13:53:03','2019-11-18 13:53:03'),('1196305294240288770','1','1195352054917074946',1,'2019-11-18 13:53:03','2019-11-18 13:53:03'),('1196305294248677377','1','1195352127734386690',1,'2019-11-18 13:53:03','2019-11-18 13:53:03'),('1196305294248677378','1','1195352547621965825',1,'2019-11-18 13:53:03','2019-11-18 13:53:03'),('1196305294319980546','1','1195353513549205505',1,'2019-11-18 13:53:03','2019-11-18 13:53:03'),('1196305294319980547','1','1195352856645701633',1,'2019-11-18 13:53:03','2019-11-18 13:53:03'),('1196305294319980548','1','1195352909401657346',1,'2019-11-18 13:53:03','2019-11-18 13:53:03'),('1196305294378700802','1','1195353051395624961',1,'2019-11-18 13:53:03','2019-11-18 13:53:03'),('1196305294378700803','1','1195353672110673921',1,'2019-11-18 13:53:03','2019-11-18 13:53:03'),('1196305294458392577','1','1195354076890370050',1,'2019-11-18 13:53:03','2019-11-18 13:53:03'),('1196305294483558402','1','1195354153482555393',1,'2019-11-18 13:53:03','2019-11-18 13:53:03'),('1196305294500335618','1','1195354315093282817',1,'2019-11-18 13:53:03','2019-11-18 13:53:03'),('1196305566656139266','1','1',1,'2019-11-18 13:54:08','2019-11-18 13:54:08'),('1196305566689693698','1','1195268474480156673',1,'2019-11-18 13:54:08','2019-11-18 13:54:08'),('1196305566706470913','1','1195268616021139457',1,'2019-11-18 13:54:08','2019-11-18 13:54:08'),('1196305566740025346','1','1195269143060602882',1,'2019-11-18 13:54:08','2019-11-18 13:54:08'),('1196305566756802561','1','1195269295926206466',1,'2019-11-18 13:54:08','2019-11-18 13:54:08'),('1196305566781968385','1','1195269473479483394',1,'2019-11-18 13:54:08','2019-11-18 13:54:08'),('1196305566811328514','1','1195269547269873666',1,'2019-11-18 13:54:08','2019-11-18 13:54:08'),('1196305566828105730','1','1196301740985311234',1,'2019-11-18 13:54:08','2019-11-18 13:54:08'),('1196305566853271554','1','1195268788138598401',1,'2019-11-18 13:54:08','2019-11-18 13:54:08'),('1196305566878437378','1','1195269821262782465',1,'2019-11-18 13:54:08','2019-11-18 13:54:08'),('1196305566895214593','1','1195269903542444034',1,'2019-11-18 13:54:08','2019-11-18 13:54:08'),('1196305566916186113','1','1195270037005197313',1,'2019-11-18 13:54:08','2019-11-18 13:54:08'),('1196305566949740546','1','1195270442602782721',1,'2019-11-18 13:54:08','2019-11-18 13:54:08'),('1196305566966517761','1','1195270621548568578',1,'2019-11-18 13:54:08','2019-11-18 13:54:08'),('1196305566991683585','1','1195268893830864898',1,'2019-11-18 13:54:08','2019-11-18 13:54:08'),('1196305567012655106','1','1195270744097742849',1,'2019-11-18 13:54:08','2019-11-18 13:54:08'),('1196305567029432322','1','1195270810560684034',1,'2019-11-18 13:54:08','2019-11-18 13:54:08'),('1196305567042015233','1','1195270862100291586',1,'2019-11-18 13:54:08','2019-11-18 13:54:08'),('1196305567100735490','1','1195270887933009922',1,'2019-11-18 13:54:08','2019-11-18 13:54:08'),('1196305567117512705','1','1195349439240048642',1,'2019-11-18 13:54:08','2019-11-18 13:54:08'),('1196305567142678530','1','1195349699995734017',1,'2019-11-18 13:54:08','2019-11-18 13:54:08'),('1196305567155261442','1','1195349979797753857',1,'2019-11-18 13:54:08','2019-11-18 13:54:08'),('1196305567172038658','1','1195350117270261762',1,'2019-11-18 13:54:08','2019-11-18 13:54:08'),('1196305567188815873','1','1195350188359520258',1,'2019-11-18 13:54:08','2019-11-18 13:54:08'),('1196305567218176001','1','1195349810561781761',1,'2019-11-18 13:54:08','2019-11-18 13:54:08'),('1196305567234953217','1','1195349876252971010',1,'2019-11-18 13:54:08','2019-11-18 13:54:08'),('1196305567251730434','1','1195350299365969922',1,'2019-11-18 13:54:08','2019-11-18 13:54:08'),('1196305567272701954','1','1195350397751758850',1,'2019-11-18 13:54:08','2019-11-18 13:54:08'),('1196305567289479170','1','1195350612172967938',1,'2019-11-18 13:54:08','2019-11-18 13:54:08'),('1196305567310450690','1','1195350500512206850',1,'2019-11-18 13:54:08','2019-11-18 13:54:08'),('1196305567327227905','1','1195350687590748161',1,'2019-11-18 13:54:08','2019-11-18 13:54:08'),('1196305567448862722','1','1195350831744782337',1,'2019-11-18 13:54:08','2019-11-18 13:54:08'),('1196305567478222850','1','1195350919074385921',1,'2019-11-18 13:54:08','2019-11-18 13:54:08'),('1196305567495000065','1','1195351159672246274',1,'2019-11-18 13:54:08','2019-11-18 13:54:08'),('1196305567520165889','1','1195351326706208770',1,'2019-11-18 13:54:08','2019-11-18 13:54:08'),('1196305567541137409','1','1195351566221938690',1,'2019-11-18 13:54:08','2019-11-18 13:54:08'),('1196305567570497538','1','1195351862889254913',1,'2019-11-18 13:54:08','2019-11-18 13:54:08'),('1196305567587274754','1','1195351968841568257',1,'2019-11-18 13:54:08','2019-11-18 13:54:08'),('1196305567604051970','1','1195352215768633346',1,'2019-11-18 13:54:08','2019-11-18 13:54:08'),('1196305567633412098','1','1195352054917074946',1,'2019-11-18 13:54:08','2019-11-18 13:54:08'),('1196305567683743745','1','1195352127734386690',1,'2019-11-18 13:54:08','2019-11-18 13:54:08'),('1196305567721492481','1','1195352547621965825',1,'2019-11-18 13:54:08','2019-11-18 13:54:08'),('1196305567742464002','1','1195353513549205505',1,'2019-11-18 13:54:08','2019-11-18 13:54:08'),('1196305567771824129','1','1195352856645701633',1,'2019-11-18 13:54:08','2019-11-18 13:54:08'),('1196305567792795650','1','1195352909401657346',1,'2019-11-18 13:54:08','2019-11-18 13:54:08'),('1196305567809572866','1','1195353051395624961',1,'2019-11-18 13:54:08','2019-11-18 13:54:08'),('1196305567843127298','1','1195353672110673921',1,'2019-11-18 13:54:08','2019-11-18 13:54:08'),('1196305567868293122','1','1195354076890370050',1,'2019-11-18 13:54:08','2019-11-18 13:54:08'),('1196305567885070338','1','1195354153482555393',1,'2019-11-18 13:54:08','2019-11-18 13:54:08'),('1196305567910236162','1','1195354315093282817',1,'2019-11-18 13:54:08','2019-11-18 13:54:08'),('1196312702601695234','1','1',0,'2019-11-18 14:22:29','2019-11-18 14:22:29'),('1196312702652026881','1','1195268474480156673',0,'2019-11-18 14:22:29','2019-11-18 14:22:29'),('1196312702668804098','1','1195268616021139457',0,'2019-11-18 14:22:29','2019-11-18 14:22:29'),('1196312702698164226','1','1195269143060602882',0,'2019-11-18 14:22:29','2019-11-18 14:22:29'),('1196312702723330049','1','1195269295926206466',0,'2019-11-18 14:22:29','2019-11-18 14:22:29'),('1196312702744301569','1','1195269473479483394',0,'2019-11-18 14:22:29','2019-11-18 14:22:29'),('1196312702765273089','1','1195269547269873666',0,'2019-11-18 14:22:29','2019-11-18 14:22:29'),('1196312702790438913','1','1196301740985311234',0,'2019-11-18 14:22:29','2019-11-18 14:22:29'),('1196312702945628161','1','1195268788138598401',0,'2019-11-18 14:22:29','2019-11-18 14:22:29'),('1196312702970793985','1','1195269821262782465',0,'2019-11-18 14:22:29','2019-11-18 14:22:29'),('1196312703000154114','1','1195269903542444034',0,'2019-11-18 14:22:29','2019-11-18 14:22:29'),('1196312703025319938','1','1195270037005197313',0,'2019-11-18 14:22:29','2019-11-18 14:22:29'),('1196312703046291458','1','1195270442602782721',0,'2019-11-18 14:22:29','2019-11-18 14:22:29'),('1196312703063068673','1','1195270621548568578',0,'2019-11-18 14:22:29','2019-11-18 14:22:29'),('1196312703084040193','1','1195268893830864898',0,'2019-11-18 14:22:29','2019-11-18 14:22:29'),('1196312703113400321','1','1195270744097742849',0,'2019-11-18 14:22:29','2019-11-18 14:22:29'),('1196312703134371842','1','1195270810560684034',0,'2019-11-18 14:22:30','2019-11-18 14:22:30'),('1196312703159537665','1','1195270862100291586',0,'2019-11-18 14:22:30','2019-11-18 14:22:30'),('1196312703184703490','1','1195270887933009922',0,'2019-11-18 14:22:30','2019-11-18 14:22:30'),('1196312703209869313','1','1195349439240048642',0,'2019-11-18 14:22:30','2019-11-18 14:22:30'),('1196312703230840834','1','1195349699995734017',0,'2019-11-18 14:22:30','2019-11-18 14:22:30'),('1196312703251812354','1','1195349979797753857',0,'2019-11-18 14:22:30','2019-11-18 14:22:30'),('1196312703272783873','1','1195350117270261762',0,'2019-11-18 14:22:30','2019-11-18 14:22:30'),('1196312703293755394','1','1195350188359520258',0,'2019-11-18 14:22:30','2019-11-18 14:22:30'),('1196312703327309826','1','1195349810561781761',0,'2019-11-18 14:22:30','2019-11-18 14:22:30'),('1196312703348281345','1','1195349876252971010',0,'2019-11-18 14:22:30','2019-11-18 14:22:30'),('1196312703365058561','1','1195350299365969922',0,'2019-11-18 14:22:30','2019-11-18 14:22:30'),('1196312703386030082','1','1195350397751758850',0,'2019-11-18 14:22:30','2019-11-18 14:22:30'),('1196312703440556034','1','1195350612172967938',0,'2019-11-18 14:22:30','2019-11-18 14:22:30'),('1196312703486693378','1','1195350500512206850',0,'2019-11-18 14:22:30','2019-11-18 14:22:30'),('1196312703511859202','1','1195350687590748161',0,'2019-11-18 14:22:30','2019-11-18 14:22:30'),('1196312703654465537','1','1195350831744782337',0,'2019-11-18 14:22:30','2019-11-18 14:22:30'),('1196312703683825665','1','1195350919074385921',0,'2019-11-18 14:22:30','2019-11-18 14:22:30'),('1196312703700602882','1','1195351159672246274',0,'2019-11-18 14:22:30','2019-11-18 14:22:30'),('1196312703717380098','1','1195351326706208770',0,'2019-11-18 14:22:30','2019-11-18 14:22:30'),('1196312703738351618','1','1195351566221938690',0,'2019-11-18 14:22:30','2019-11-18 14:22:30'),('1196312703759323137','1','1195351020463296513',0,'2019-11-18 14:22:30','2019-11-18 14:22:30'),('1196312703776100353','1','1195351862889254913',0,'2019-11-18 14:22:30','2019-11-18 14:22:30'),('1196312703792877570','1','1195351968841568257',0,'2019-11-18 14:22:30','2019-11-18 14:22:30'),('1196312703830626305','1','1195352215768633346',0,'2019-11-18 14:22:30','2019-11-18 14:22:30'),('1196312703843209217','1','1195352054917074946',0,'2019-11-18 14:22:30','2019-11-18 14:22:30'),('1196312703868375041','1','1195352127734386690',0,'2019-11-18 14:22:30','2019-11-18 14:22:30'),('1196312703889346561','1','1195352547621965825',0,'2019-11-18 14:22:30','2019-11-18 14:22:30'),('1196312703901929473','1','1195353513549205505',0,'2019-11-18 14:22:30','2019-11-18 14:22:30'),('1196312703918706689','1','1195352856645701633',0,'2019-11-18 14:22:30','2019-11-18 14:22:30'),('1196312703952261121','1','1195352909401657346',0,'2019-11-18 14:22:30','2019-11-18 14:22:30'),('1196312703973232642','1','1195353051395624961',0,'2019-11-18 14:22:30','2019-11-18 14:22:30'),('1196312703990009857','1','1195353672110673921',0,'2019-11-18 14:22:30','2019-11-18 14:22:30'),('1196312704048730114','1','1195354076890370050',0,'2019-11-18 14:22:30','2019-11-18 14:22:30'),('1196312704069701633','1','1195354153482555393',0,'2019-11-18 14:22:30','2019-11-18 14:22:30'),('1196312704094867457','1','1195354315093282817',0,'2019-11-18 14:22:30','2019-11-18 14:22:30'),('1742736585121685505','1742736440640495617','1',0,'2024-01-04 10:35:55','2024-01-04 10:35:55'),('1742736585121685506','1742736440640495617','1195349439240048642',0,'2024-01-04 10:35:55','2024-01-04 10:35:55'),('1742736585121685507','1742736440640495617','1195349699995734017',0,'2024-01-04 10:35:55','2024-01-04 10:35:55'),('1742736585121685508','1742736440640495617','1195349979797753857',0,'2024-01-04 10:35:55','2024-01-04 10:35:55'),('1742736585188794370','1742736440640495617','1195350117270261762',0,'2024-01-04 10:35:55','2024-01-04 10:35:55'),('1742736585188794371','1742736440640495617','1195350188359520258',0,'2024-01-04 10:35:55','2024-01-04 10:35:55'),('1742736585188794372','1742736440640495617','1195349810561781761',0,'2024-01-04 10:35:55','2024-01-04 10:35:55'),('1742736585188794373','1742736440640495617','1195349876252971010',0,'2024-01-04 10:35:55','2024-01-04 10:35:55'),('1742737328343965698','1196300996034977794','1',0,'2024-01-04 10:38:52','2024-01-04 10:38:52'),('1742737328343965699','1196300996034977794','1195268474480156673',0,'2024-01-04 10:38:52','2024-01-04 10:38:52'),('1742737328343965700','1196300996034977794','1195268616021139457',0,'2024-01-04 10:38:52','2024-01-04 10:38:52'),('1742737328343965701','1196300996034977794','1195269143060602882',0,'2024-01-04 10:38:52','2024-01-04 10:38:52'),('1742737328343965702','1196300996034977794','1195268788138598401',0,'2024-01-04 10:38:52','2024-01-04 10:38:52'),('1742737328343965703','1196300996034977794','1195269903542444034',0,'2024-01-04 10:38:52','2024-01-04 10:38:52'),('1742737328343965704','1196300996034977794','1195268893830864898',0,'2024-01-04 10:38:52','2024-01-04 10:38:52'),('1742737328343965705','1196300996034977794','1195270744097742849',0,'2024-01-04 10:38:52','2024-01-04 10:38:52'),('1742737328343965706','1196300996034977794','1195349439240048642',0,'2024-01-04 10:38:52','2024-01-04 10:38:52'),('1742737328343965707','1196300996034977794','1195349699995734017',0,'2024-01-04 10:38:52','2024-01-04 10:38:52'),('1742737328343965708','1196300996034977794','1195349979797753857',0,'2024-01-04 10:38:52','2024-01-04 10:38:52'),('1742737328343965709','1196300996034977794','1195350299365969922',0,'2024-01-04 10:38:52','2024-01-04 10:38:52'),('1742737328343965710','1196300996034977794','1195350397751758850',0,'2024-01-04 10:38:52','2024-01-04 10:38:52'),('1742737328343965711','1196300996034977794','1195350612172967938',0,'2024-01-04 10:38:52','2024-01-04 10:38:52'),('1742737328411074561','1196300996034977794','1195351862889254913',0,'2024-01-04 10:38:52','2024-01-04 10:38:52'),('1742737328411074562','1196300996034977794','1195352054917074946',0,'2024-01-04 10:38:52','2024-01-04 10:38:52'),('1742737328411074563','1196300996034977794','1195352127734386690',0,'2024-01-04 10:38:52','2024-01-04 10:38:52'),('1742737328411074564','1196300996034977794','1195352547621965825',0,'2024-01-04 10:38:52','2024-01-04 10:38:52'),('1742737328411074565','1196300996034977794','1195353513549205505',0,'2024-01-04 10:38:52','2024-01-04 10:38:52'),('1742737328411074566','1196300996034977794','1195352856645701633',0,'2024-01-04 10:38:52','2024-01-04 10:38:52'),('1742737328411074567','1196300996034977794','1195354076890370050',0,'2024-01-04 10:38:52','2024-01-04 10:38:52'),('1742737328411074568','1196300996034977794','1195354153482555393',0,'2024-01-04 10:38:52','2024-01-04 10:38:52'),('1742737328411074569','1196300996034977794','1195354315093282817',0,'2024-01-04 10:38:52','2024-01-04 10:38:52');
/*!40000 ALTER TABLE `acl_role_permission` ENABLE KEYS */;
UNLOCK TABLES;

--
-- Table structure for table `acl_user`
--

DROP TABLE IF EXISTS `acl_user`;
/*!40101 SET @saved_cs_client     = @@character_set_client */;
/*!40101 SET character_set_client = utf8 */;
CREATE TABLE `acl_user` (
  `id` char(19) NOT NULL COMMENT '会员id',
  `username` varchar(20) NOT NULL DEFAULT '' COMMENT '微信openid',
  `password` varchar(32) NOT NULL DEFAULT '' COMMENT '密码',
  `nick_name` varchar(50) DEFAULT NULL COMMENT '昵称',
  `salt` varchar(255) DEFAULT NULL COMMENT '用户头像',
  `token` varchar(100) DEFAULT NULL COMMENT '用户签名',
  `is_deleted` tinyint(1) unsigned NOT NULL DEFAULT '0' COMMENT '逻辑删除 1（true）已删除， 0（false）未删除',
  `gmt_create` datetime NOT NULL COMMENT '创建时间',
  `gmt_modified` datetime NOT NULL COMMENT '更新时间',
  PRIMARY KEY (`id`),
  UNIQUE KEY `uk_username` (`username`)
) ENGINE=InnoDB DEFAULT CHARSET=utf8mb4 COMMENT='用户表';
/*!40101 SET character_set_client = @saved_cs_client */;

--
-- Dumping data for table `acl_user`
--

LOCK TABLES `acl_user` WRITE;
/*!40000 ALTER TABLE `acl_user` DISABLE KEYS */;
INSERT INTO `acl_user` VALUES ('1','admin','96e79218965eb72c92a549dd5a330112','系统管理员','',NULL,0,'2019-11-01 10:39:47','2024-01-04 10:29:32'),('1742735770336202754','gzry','96e79218965eb72c92a549dd5a330112','工作人员',NULL,NULL,0,'2024-01-04 10:32:41','2024-01-04 10:32:41'),('1742736239569756161','test2','96e79218965eb72c92a549dd5a330112','测试人员2',NULL,NULL,1,'2024-01-04 10:34:33','2024-01-04 10:34:33'),('2','test','96e79218965eb72c92a549dd5a330112','test',NULL,NULL,1,'2019-11-01 16:36:07','2019-11-01 16:40:08');
/*!40000 ALTER TABLE `acl_user` ENABLE KEYS */;
UNLOCK TABLES;

--
-- Table structure for table `acl_user_role`
--

DROP TABLE IF EXISTS `acl_user_role`;
/*!40101 SET @saved_cs_client     = @@character_set_client */;
/*!40101 SET character_set_client = utf8 */;
CREATE TABLE `acl_user_role` (
  `id` char(19) NOT NULL DEFAULT '' COMMENT '主键id',
  `role_id` char(19) NOT NULL DEFAULT '0' COMMENT '角色id',
  `user_id` char(19) NOT NULL DEFAULT '0' COMMENT '用户id',
  `is_deleted` tinyint(1) unsigned NOT NULL DEFAULT '0' COMMENT '逻辑删除 1（true）已删除， 0（false）未删除',
  `gmt_create` datetime NOT NULL COMMENT '创建时间',
  `gmt_modified` datetime NOT NULL COMMENT '更新时间',
  PRIMARY KEY (`id`),
  KEY `idx_role_id` (`role_id`),
  KEY `idx_user_id` (`user_id`)
) ENGINE=InnoDB DEFAULT CHARSET=utf8;
/*!40101 SET character_set_client = @saved_cs_client */;

--
-- Dumping data for table `acl_user_role`
--

LOCK TABLES `acl_user_role` WRITE;
/*!40000 ALTER TABLE `acl_user_role` DISABLE KEYS */;
INSERT INTO `acl_user_role` VALUES ('1','1','2',0,'2019-11-11 13:09:53','2019-11-11 13:09:53'),('1742736330380632066','1','1742735770336202754',1,'2024-01-04 10:34:54','2024-01-04 10:34:54'),('1742736353218617346','1193757683205607426','1742735770336202754',0,'2024-01-04 10:35:00','2024-01-04 10:35:00');
/*!40000 ALTER TABLE `acl_user_role` ENABLE KEYS */;
UNLOCK TABLES;

--
-- Table structure for table `crm_banner`
--

DROP TABLE IF EXISTS `crm_banner`;
/*!40101 SET @saved_cs_client     = @@character_set_client */;
/*!40101 SET character_set_client = utf8 */;
CREATE TABLE `crm_banner` (
  `id` char(19) DEFAULT NULL,
  `title` varchar(20) DEFAULT NULL,
  `image_url` varchar(500) DEFAULT NULL,
  `link_url` varchar(500) DEFAULT NULL,
  `sort` int(10) unsigned DEFAULT NULL,
  `is_deleted` tinyint(3) unsigned DEFAULT NULL,
  `gmt_create` datetime DEFAULT NULL,
  `gmt_modified` datetime DEFAULT NULL
) ENGINE=InnoDB DEFAULT CHARSET=utf8mb4 COMMENT='首页banner表';
/*!40101 SET character_set_client = @saved_cs_client */;

--
-- Dumping data for table `crm_banner`
--

LOCK TABLES `crm_banner` WRITE;
/*!40000 ALTER TABLE `crm_banner` DISABLE KEYS */;
INSERT INTO `crm_banner` VALUES ('1194556896025845762','test1','https://guli-edu-vectorx.oss-cn-shanghai.aliyuncs.com/banner/banner.jpeg','/course',1,0,'2019-11-13 18:05:32','2019-11-18 10:28:22'),('1194607458461216769','test2','https://guli-edu-vectorx.oss-cn-shanghai.aliyuncs.com/banner/banner2.jpg','/teacher',2,0,'2019-11-13 21:26:27','2019-11-14 09:12:15');
/*!40000 ALTER TABLE `crm_banner` ENABLE KEYS */;
UNLOCK TABLES;

--
-- Table structure for table `statistics_daily`
--

DROP TABLE IF EXISTS `statistics_daily`;
/*!40101 SET @saved_cs_client     = @@character_set_client */;
/*!40101 SET character_set_client = utf8 */;
CREATE TABLE `statistics_daily` (
  `id` char(19) DEFAULT NULL,
  `date_calculated` varchar(20) DEFAULT NULL,
  `register_num` int(11) DEFAULT NULL,
  `login_num` int(11) DEFAULT NULL,
  `video_view_num` int(11) DEFAULT NULL,
  `course_num` int(11) DEFAULT NULL,
  `gmt_create` datetime DEFAULT NULL,
  `gmt_modified` datetime DEFAULT NULL,
  `is_deleted` tinyint(1) unsigned NOT NULL DEFAULT '0' COMMENT '逻辑删除 1（true）已删除， 0（false）未删除'
) ENGINE=InnoDB DEFAULT CHARSET=utf8mb4 COMMENT='网站统计日数据';
/*!40101 SET character_set_client = @saved_cs_client */;

--
-- Dumping data for table `statistics_daily`
--

LOCK TABLES `statistics_daily` WRITE;
/*!40000 ALTER TABLE `statistics_daily` DISABLE KEYS */;
INSERT INTO `statistics_daily` VALUES ('1078490017163833345','2018-12-28',0,0,154,170,'2018-12-28 11:17:12','2019-09-09 12:12:12',0),('1087142127818768386','2019-01-02',2,0,167,177,'2019-01-21 08:17:36','2019-09-09 12:12:12',0),('1087198321809457153','2019-01-01',1,0,130,189,'2019-01-21 12:00:54','2019-09-09 12:12:12',0),('1087198383973236738','2019-01-03',0,0,114,130,'2019-01-21 12:01:09','2019-09-09 12:12:12',0),('1087451681764982785','2019-01-04',0,0,118,155,'2019-01-22 04:47:39','2019-09-09 12:12:12',0),('1087455336471785473','2019-01-05',0,0,184,186,'2019-01-22 05:02:11','2019-09-09 12:12:12',0),('1105339962460491777','2019-03-01',0,143,168,136,'2019-03-12 13:29:18','2019-03-12 13:29:18',0),('1105339977027309569','2019-03-02',0,165,171,158,'2019-03-12 13:29:21','2019-03-12 13:29:21',0),('1105339990738489346','2019-03-03',0,143,147,194,'2019-03-12 13:29:25','2019-03-12 13:29:25',0),('1105340000544772098','2019-03-04',0,155,106,153,'2019-03-12 13:29:27','2019-03-12 13:29:27',0),('1105340011244441602','2019-03-05',0,186,102,155,'2019-03-12 13:29:30','2019-03-12 13:29:30',0),('1105340020929089538','2019-03-06',0,140,192,129,'2019-03-12 13:29:32','2019-03-12 13:29:32',0),('1105340029800042497','2019-03-07',0,186,139,116,'2019-03-12 13:29:34','2019-03-12 13:29:34',0),('1105340038696161282','2019-03-08',0,120,166,112,'2019-03-12 13:29:36','2019-03-12 13:29:36',0),('1105340049441968129','2019-03-09',0,182,147,119,'2019-03-12 13:29:39','2019-03-12 13:29:39',0),('1105340059738984449','2019-03-10',0,199,141,103,'2019-03-12 13:29:41','2019-03-12 13:29:41',0),('1105340070438653953','2019-03-11',0,127,137,156,'2019-03-12 13:29:44','2019-03-12 13:29:44',0),('1105340080307851266','2019-03-12',0,167,123,132,'2019-03-12 13:29:46','2019-03-12 13:29:46',0),('1105340090047025153','2019-03-13',0,106,132,103,'2019-03-12 13:29:48','2019-03-12 13:29:48',0),('1105340100075606017','2019-03-14',0,166,180,118,'2019-03-12 13:29:51','2019-03-12 13:29:51',0),('1105340110511034370','2019-03-15',0,114,151,185,'2019-03-12 13:29:53','2019-03-12 13:29:53',0),('1105340121412030466','2019-03-16',0,134,105,126,'2019-03-12 13:29:56','2019-03-12 13:29:56',0),('1105340132833120258','2019-03-17',0,169,106,131,'2019-03-12 13:29:59','2019-03-12 13:29:59',0),('1105340145659301890','2019-03-18',0,120,106,163,'2019-03-12 13:30:02','2019-03-12 13:30:02',0),('1105340153578147842','2019-03-19',0,146,155,153,'2019-03-12 13:30:03','2019-03-12 13:30:03',0),('1105340162436517890','2019-03-20',0,127,181,186,'2019-03-12 13:30:06','2019-03-12 13:30:06',0),('1105340171517186050','2019-03-21',0,106,134,145,'2019-03-12 13:30:08','2019-03-12 13:30:08',0),('1105340181034061825','2019-03-22',0,161,182,143,'2019-03-12 13:30:10','2019-03-12 13:30:10',0),('1105340190072786946','2019-03-23',0,183,101,182,'2019-03-12 13:30:12','2019-03-12 13:30:12',0),('1105340199426084865','2019-03-24',0,117,100,102,'2019-03-12 13:30:14','2019-03-12 13:30:14',0),('1105340209261727745','2019-03-25',0,116,103,160,'2019-03-12 13:30:17','2019-03-12 13:30:17',0),('1105340217935548418','2019-03-26',0,101,119,150,'2019-03-12 13:30:19','2019-03-12 13:30:19',0),('1105340225967640577','2019-03-27',0,129,141,181,'2019-03-12 13:30:21','2019-03-12 13:30:21',0),('1105340234075230209','2019-03-28',0,113,179,158,'2019-03-12 13:30:23','2019-03-12 13:30:23',0),('1105340242837131265','2019-03-29',0,117,131,101,'2019-03-12 13:30:25','2019-03-12 13:30:25',0),('1105340252395950082','2019-03-30',0,153,187,174,'2019-03-12 13:30:27','2019-03-12 13:30:27',0),('1105340261958963201','2019-03-31',0,179,135,199,'2019-03-12 13:30:29','2019-03-12 13:30:29',0),('1105372743634898945','2019-01-06',0,113,143,148,'2019-03-12 15:39:34','2019-03-12 15:39:34',0),('1105372754380705793','2019-01-07',0,173,158,153,'2019-03-12 15:39:36','2019-03-12 15:39:36',0),('1105372762526044162','2019-01-08',0,135,199,131,'2019-03-12 15:39:38','2019-03-12 15:39:38',0),('1105372771229224961','2019-01-09',0,161,107,162,'2019-03-12 15:39:40','2019-03-12 15:39:40',0),('1105372780922261505','2019-01-10',0,182,196,135,'2019-03-12 15:39:42','2019-03-12 15:39:42',0),('1105372790103592961','2019-01-11',0,123,194,102,'2019-03-12 15:39:45','2019-03-12 15:39:45',0),('1105372798626418689','2019-01-12',0,185,106,180,'2019-03-12 15:39:47','2019-03-12 15:39:47',0),('1165','2018-01-01',583,26,236,14,'2018-01-25 06:38:19','2019-09-09 12:12:12',0),('1166','2018-01-02',583,26,236,14,'2018-01-25 06:38:19','2019-09-09 12:12:12',0),('1167','2018-01-03',584,26,236,14,'2018-01-25 06:38:19','2019-09-09 12:12:12',0),('1168','2018-01-04',584,26,237,14,'2018-01-25 06:38:19','2019-09-09 12:12:12',0),('1169','2018-01-05',585,26,237,14,'2018-01-25 06:38:19','2019-09-09 12:12:12',0),('1170','2018-01-06',585,26,237,14,'2018-01-25 06:38:19','2019-09-09 12:12:12',0),('1171','2018-01-07',586,26,237,14,'2018-01-25 06:38:19','2019-09-09 12:12:12',0),('1172','2018-01-08',586,26,237,14,'2018-01-25 06:38:19','2019-09-09 12:12:12',0),('1173','2018-01-09',587,26,238,14,'2018-01-25 06:38:19','2019-09-09 12:12:12',0),('1174','2018-01-10',587,26,238,14,'2018-01-25 06:38:19','2019-09-09 12:12:12',0),('1175','2018-01-11',588,27,238,14,'2018-01-25 06:38:19','2019-09-09 12:12:12',0),('1176','2018-01-12',588,27,238,14,'2018-01-25 06:38:19','2019-09-09 12:12:12',0),('1177','2018-01-13',589,27,238,14,'2018-01-25 06:38:19','2019-09-09 12:12:12',0),('1178','2018-01-14',589,27,239,14,'2018-01-25 06:38:19','2019-09-09 12:12:12',0),('1179','2018-01-15',590,27,239,14,'2018-01-25 06:38:19','2019-09-09 12:12:12',0),('1180','2018-01-16',590,27,239,14,'2018-01-25 06:38:19','2019-09-09 12:12:12',0),('1181','2018-01-17',591,27,239,14,'2018-01-25 06:38:19','2019-09-09 12:12:12',0),('1182','2018-01-18',591,27,239,14,'2018-01-25 06:38:19','2019-09-09 12:12:12',0),('1183','2018-01-19',592,27,240,14,'2018-01-25 06:38:19','2019-09-09 12:12:12',0),('1183991737299263490','2019-10-01',0,145,149,153,'2019-10-15 14:23:22','2019-10-15 14:23:22',0),('1183999299272904705','2019-10-03',0,125,102,153,'2019-10-15 14:53:25','2019-10-15 14:53:25',0),('1183999309477646338','2019-10-04',0,103,194,161,'2019-10-15 14:53:28','2019-10-15 14:53:28',0),('1183999318919024642','2019-10-05',0,173,174,147,'2019-10-15 14:53:30','2019-10-15 14:53:30',0),('1183999331409661954','2019-10-06',0,129,197,173,'2019-10-15 14:53:33','2019-10-15 14:53:33',0),('1183999342897860610','2019-10-07',0,184,125,169,'2019-10-15 14:53:36','2019-10-15 14:53:36',0),('1183999351588458498','2019-10-08',0,173,143,138,'2019-10-15 14:53:38','2019-10-15 14:53:38',0),('1183999360316805122','2019-10-09',0,161,158,117,'2019-10-15 14:53:40','2019-10-15 14:53:40',0),('1183999367480676353','2019-10-10',0,190,166,135,'2019-10-15 14:53:42','2019-10-15 14:53:42',0),('1184','2018-01-20',592,27,240,14,'2018-01-25 06:38:19','2019-09-09 12:12:12',0),('1184030117693284353','2019-10-11',0,182,199,193,'2019-10-15 16:55:53','2019-10-15 16:55:53',0),('1185','2018-01-21',593,27,240,14,'2018-01-25 06:38:19','2019-09-09 12:12:12',0),('1185373213064482818','2019-01-19',6,135,126,167,'2019-10-19 09:52:52','2019-10-19 09:52:52',0),('1186','2018-01-22',593,27,240,14,'2018-01-25 06:38:19','2019-09-09 12:12:12',0),('1186536619937435650','2019-10-02',0,187,183,108,'2019-10-22 14:55:50','2019-10-22 14:55:50',0),('1187','2018-01-23',594,27,240,14,'2018-01-25 06:38:19','2019-09-09 12:12:12',0),('1188','2018-01-24',594,27,241,14,'2018-01-25 06:38:19','2019-09-09 12:12:12',0),('1189','2018-01-25',595,27,241,14,'2018-01-25 06:38:19','2019-09-09 12:12:12',0),('1190','2018-01-26',595,27,241,14,'2018-01-25 06:38:19','2019-09-09 12:12:12',0),('1191','2018-01-27',596,27,241,14,'2018-01-25 06:38:19','2019-09-09 12:12:12',0),('1192','2018-01-28',596,27,241,14,'2018-01-25 06:38:19','2019-09-09 12:12:12',0),('1192253597226455042','2019-11-01',0,129,122,167,'2019-11-07 09:33:03','2019-11-07 09:33:03',0),('1192253902756335617','2019-11-02',0,170,192,192,'2019-11-07 09:34:16','2019-11-07 09:34:16',0),('1193','2018-01-29',597,27,242,14,'2018-01-25 06:38:19','2019-09-09 12:12:12',0),('1194','2018-01-30',597,27,242,14,'2018-01-25 06:38:19','2019-09-09 12:12:12',0),('1194060032935493633','2019-11-11',0,121,121,122,'2019-11-12 09:11:11','2019-11-12 09:11:11',0),('1194060301425475585','2019-11-10',0,155,187,140,'2019-11-12 09:12:15','2019-11-12 09:12:15',0),('1195','2018-01-31',598,27,242,14,'2018-01-25 06:38:19','2019-09-09 12:12:12',0),('1196','2018-02-01',598,27,242,14,'2018-01-25 06:38:19','2019-09-09 12:12:12',0),('1197','2018-02-02',599,27,242,14,'2018-01-25 06:38:19','2019-09-09 12:12:12',0),('1198','2018-02-03',599,27,243,14,'2018-01-25 06:38:19','2019-09-09 12:12:12',0),('1199','2018-02-04',600,27,243,14,'2018-01-25 06:38:19','2019-09-09 12:12:12',0),('1200','2018-02-05',600,27,243,14,'2018-01-25 06:38:19','2019-09-09 12:12:12',0),('1201','2018-02-06',601,27,243,14,'2018-01-25 06:38:19','2019-09-09 12:12:12',0),('1202','2018-02-07',601,27,243,14,'2018-01-25 06:38:19','2019-09-09 12:12:12',0),('1203','2018-02-08',602,27,244,14,'2018-01-25 06:38:19','2019-09-09 12:12:12',0),('1204','2018-02-09',602,27,244,14,'2018-01-25 06:38:19','2019-09-09 12:12:12',0),('1205','2018-02-10',603,27,244,14,'2018-01-25 06:38:19','2019-09-09 12:12:12',0),('1206','2018-02-11',603,27,244,14,'2018-01-25 06:38:19','2019-09-09 12:12:12',0),('1207','2018-02-12',604,27,244,14,'2018-01-25 06:38:19','2019-09-09 12:12:12',0),('1208','2018-02-13',604,27,245,14,'2018-01-25 06:38:19','2019-09-09 12:12:12',0),('1209','2018-02-14',605,27,245,14,'2018-01-25 06:38:19','2019-09-09 12:12:12',0),('1210','2018-02-15',605,27,245,14,'2018-01-25 06:38:19','2019-09-09 12:12:12',0),('1211','2018-02-16',606,27,245,14,'2018-01-25 06:38:19','2019-09-09 12:12:12',0),('1212','2018-02-17',606,27,245,14,'2018-01-25 06:38:19','2019-09-09 12:12:12',0),('1213','2018-02-18',607,27,246,14,'2018-01-25 06:38:19','2019-09-09 12:12:12',0),('1214','2018-02-19',607,27,246,14,'2018-01-25 06:38:19','2019-09-09 12:12:12',0),('1215','2018-02-20',608,27,246,14,'2018-01-25 06:38:19','2019-09-09 12:12:12',0),('1216','2018-02-21',608,27,246,14,'2018-01-25 06:38:19','2019-09-09 12:12:12',0),('1217','2018-02-22',609,27,246,14,'2018-01-25 06:38:19','2019-09-09 12:12:12',0),('1218','2018-02-23',609,27,247,14,'2018-01-25 06:38:19','2019-09-09 12:12:12',0),('1219','2018-02-24',610,27,247,14,'2018-01-25 06:38:19','2019-09-09 12:12:12',0),('1220','2018-02-25',610,27,247,14,'2018-01-25 06:38:19','2019-09-09 12:12:12',0),('1221','2018-02-26',611,27,247,14,'2018-01-25 06:38:19','2019-09-09 12:12:12',0),('1222','2018-02-27',611,27,247,14,'2018-01-25 06:38:19','2019-09-09 12:12:12',0),('1223','2018-02-28',612,27,248,14,'2018-01-25 06:38:19','2019-09-09 12:12:12',0),('1224','2018-03-01',612,27,248,14,'2018-01-25 06:38:19','2019-09-09 12:12:12',0),('1225','2018-03-02',613,28,248,14,'2018-01-25 06:38:19','2019-09-09 12:12:12',0),('1226','2018-03-03',613,28,248,14,'2018-01-25 06:38:19','2019-09-09 12:12:12',0),('1227','2018-03-04',614,28,248,14,'2018-01-25 06:38:19','2019-09-09 12:12:12',0),('1228','2018-03-05',614,28,249,14,'2018-01-25 06:38:19','2019-09-09 12:12:12',0),('1229','2018-03-06',615,28,249,14,'2018-01-25 06:38:19','2019-09-09 12:12:12',0),('1230','2018-03-07',615,28,249,14,'2018-01-25 06:38:19','2019-09-09 12:12:12',0),('1231','2018-03-08',616,28,249,14,'2018-01-25 06:38:19','2019-09-09 12:12:12',0),('1232','2018-03-09',616,28,249,14,'2018-01-25 06:38:19','2019-09-09 12:12:12',0),('1233','2018-03-10',617,28,250,14,'2018-01-25 06:38:19','2019-09-09 12:12:12',0),('1234','2018-03-11',617,28,250,14,'2018-01-25 06:38:19','2019-09-09 12:12:12',0),('1235','2018-03-12',618,28,250,14,'2018-01-25 06:38:19','2019-09-09 12:12:12',0),('1236','2018-03-13',618,28,250,14,'2018-01-25 06:38:19','2019-09-09 12:12:12',0),('1237','2018-03-14',619,28,250,14,'2018-01-25 06:38:19','2019-09-09 12:12:12',0),('1238','2018-03-15',619,28,251,14,'2018-01-25 06:38:19','2019-09-09 12:12:12',0),('1239','2018-03-16',620,28,251,14,'2018-01-25 06:38:19','2019-09-09 12:12:12',0),('1240','2018-03-17',620,28,251,14,'2018-01-25 06:38:19','2019-09-09 12:12:12',0),('1241','2018-03-18',621,28,251,14,'2018-01-25 06:38:19','2019-09-09 12:12:12',0),('1242','2018-03-19',621,28,251,14,'2018-01-25 06:38:19','2019-09-09 12:12:12',0),('1243','2018-03-20',622,28,252,14,'2018-01-25 06:38:19','2019-09-09 12:12:12',0),('1244','2018-03-21',622,28,252,14,'2018-01-25 06:38:19','2019-09-09 12:12:12',0),('1245','2018-03-22',623,28,252,14,'2018-01-25 06:38:19','2019-09-09 12:12:12',0),('1246','2018-03-23',623,28,252,14,'2018-01-25 06:38:19','2019-09-09 12:12:12',0),('1247','2018-03-24',624,28,252,14,'2018-01-25 06:38:19','2019-09-09 12:12:12',0),('1248','2018-03-25',624,28,253,14,'2018-01-25 06:38:19','2019-09-09 12:12:12',0),('1249','2018-03-26',625,28,253,14,'2018-01-25 06:38:19','2019-09-09 12:12:12',0),('1250','2018-03-27',625,28,253,14,'2018-01-25 06:38:19','2019-09-09 12:12:12',0),('1251','2018-03-28',626,28,253,14,'2018-01-25 06:38:19','2019-09-09 12:12:12',0),('1252','2018-03-29',626,28,253,14,'2018-01-25 06:38:19','2019-09-09 12:12:12',0),('1253','2018-03-30',627,28,254,14,'2018-01-25 06:38:19','2019-09-09 12:12:12',0),('1254','2018-03-31',627,28,254,14,'2018-01-25 06:38:19','2019-09-09 12:12:12',0),('1255','2018-04-01',628,28,254,14,'2018-01-25 06:38:19','2019-09-09 12:12:12',0),('1256','2018-04-02',628,28,254,14,'2018-01-25 06:38:19','2019-09-09 12:12:12',0),('1257','2018-04-03',629,28,254,14,'2018-01-25 06:38:19','2019-09-09 12:12:12',0),('1258','2018-04-04',629,28,255,14,'2018-01-25 06:38:19','2019-09-09 12:12:12',0),('1259','2018-04-05',630,28,255,14,'2018-01-25 06:38:19','2019-09-09 12:12:12',0),('1260','2018-04-06',630,28,255,14,'2018-01-25 06:38:19','2019-09-09 12:12:12',0),('1261','2018-04-07',631,28,255,14,'2018-01-25 06:38:19','2019-09-09 12:12:12',0),('1262','2018-04-08',631,28,255,14,'2018-01-25 06:38:19','2019-09-09 12:12:12',0),('1263','2018-04-09',632,28,256,14,'2018-01-25 06:38:19','2019-09-09 12:12:12',0),('1264','2018-04-10',632,28,256,14,'2018-01-25 06:38:19','2019-09-09 12:12:12',0),('1265','2018-04-11',633,28,256,14,'2018-01-25 06:38:19','2019-09-09 12:12:12',0),('1266','2018-04-12',633,28,256,14,'2018-01-25 06:38:19','2019-09-09 12:12:12',0),('1267','2018-04-13',634,28,256,14,'2018-01-25 06:38:19','2019-09-09 12:12:12',0),('1268','2018-04-14',634,28,257,14,'2018-01-25 06:38:19','2019-09-09 12:12:12',0),('1269','2018-04-15',635,28,257,14,'2018-01-25 06:38:19','2019-09-09 12:12:12',0),('1270','2018-04-16',635,28,257,14,'2018-01-25 06:38:19','2019-09-09 12:12:12',0),('1271','2018-04-17',636,28,257,14,'2018-01-25 06:38:19','2019-09-09 12:12:12',0),('1272','2018-04-18',636,28,257,14,'2018-01-25 06:38:19','2019-09-09 12:12:12',0),('1273','2018-04-19',637,28,258,14,'2018-01-25 06:38:19','2019-09-09 12:12:12',0),('1274','2018-04-20',637,28,258,14,'2018-01-25 06:38:19','2019-09-09 12:12:12',0),('1275','2018-04-21',638,29,258,14,'2018-01-25 06:38:19','2019-09-09 12:12:12',0),('1276','2018-04-22',638,29,258,14,'2018-01-25 06:38:19','2019-09-09 12:12:12',0),('1277','2018-04-23',639,29,258,14,'2018-01-25 06:38:19','2019-09-09 12:12:12',0),('1278','2018-04-24',639,29,259,14,'2018-01-25 06:38:19','2019-09-09 12:12:12',0),('1279','2018-04-25',640,29,259,14,'2018-01-25 06:38:19','2019-09-09 12:12:12',0),('1280','2018-04-26',640,29,259,14,'2018-01-25 06:38:19','2019-09-09 12:12:12',0),('1281','2018-04-27',641,29,259,14,'2018-01-25 06:38:19','2019-09-09 12:12:12',0),('1282','2018-04-28',641,29,259,14,'2018-01-25 06:38:19','2019-09-09 12:12:12',0),('1283','2018-04-29',642,29,260,14,'2018-01-25 06:38:19','2019-09-09 12:12:12',0),('1284','2018-04-30',642,29,260,14,'2018-01-25 06:38:19','2019-09-09 12:12:12',0),('1285','2018-05-01',643,29,260,14,'2018-01-25 06:38:19','2019-09-09 12:12:12',0),('1286','2018-05-02',643,29,260,14,'2018-01-25 06:38:19','2019-09-09 12:12:12',0),('1287','2018-05-03',644,29,260,14,'2018-01-25 06:38:19','2019-09-09 12:12:12',0),('1288','2018-05-04',644,29,261,14,'2018-01-25 06:38:19','2019-09-09 12:12:12',0),('1289','2018-05-05',645,29,261,14,'2018-01-25 06:38:19','2019-09-09 12:12:12',0),('1290','2018-05-06',645,29,261,14,'2018-01-25 06:38:19','2019-09-09 12:12:12',0),('1291','2018-05-07',646,29,261,14,'2018-01-25 06:38:19','2019-09-09 12:12:12',0),('1292','2018-05-08',646,29,261,14,'2018-01-25 06:38:19','2019-09-09 12:12:12',0),('1293','2018-05-09',647,29,262,14,'2018-01-25 06:38:19','2019-09-09 12:12:12',0),('1294','2018-05-10',647,29,262,14,'2018-01-25 06:38:19','2019-09-09 12:12:12',0),('1295','2018-05-11',648,29,262,14,'2018-01-25 06:38:19','2019-09-09 12:12:12',0),('1296','2018-05-12',648,29,262,14,'2018-01-25 06:38:19','2019-09-09 12:12:12',0),('1297','2018-05-13',649,29,262,14,'2018-01-25 06:38:19','2019-09-09 12:12:12',0),('1298','2018-05-14',649,29,263,14,'2018-01-25 06:38:19','2019-09-09 12:12:12',0),('1299','2018-05-15',5,29,263,14,'2018-01-25 06:38:19','2019-09-09 12:12:12',0),('1300','2018-05-16',650,29,263,14,'2018-01-25 06:38:19','2019-09-09 12:12:12',0),('1301','2018-05-17',651,29,263,14,'2018-01-25 06:38:19','2019-09-09 12:12:12',0),('1302','2018-05-18',651,29,263,14,'2018-01-25 06:38:19','2019-09-09 12:12:12',0),('1303','2018-05-19',652,29,264,14,'2018-01-25 06:38:19','2019-09-09 12:12:12',0),('1304','2018-05-20',652,29,264,14,'2018-01-25 06:38:19','2019-09-09 12:12:12',0),('1305','2018-05-21',653,29,264,14,'2018-01-25 06:38:19','2019-09-09 12:12:12',0),('1306','2018-05-22',1,29,264,14,'2018-01-25 06:38:19','2019-09-09 12:12:12',0),('1307','2018-05-23',654,29,264,14,'2018-01-25 06:38:19','2019-09-09 12:12:12',0),('1308','2018-05-24',654,29,265,14,'2018-01-25 06:38:19','2019-09-09 12:12:12',0),('1309','2018-05-25',1,29,265,14,'2018-01-25 06:38:19','2019-09-09 12:12:12',0),('1310','2018-05-26',655,29,265,14,'2018-01-25 06:38:19','2019-09-09 12:12:12',0),('1311','2018-05-27',656,29,265,14,'2018-01-25 06:38:19','2019-09-09 12:12:12',0),('1312','2018-05-28',656,29,265,14,'2018-01-25 06:38:19','2019-09-09 12:12:12',0),('1313','2018-05-29',657,29,266,14,'2018-01-25 06:38:19','2019-09-09 12:12:12',0),('1314','2018-05-30',657,29,266,14,'2018-01-25 06:38:19','2019-09-09 12:12:12',0),('1315','2018-05-31',658,29,266,14,'2018-01-25 06:38:19','2019-09-09 12:12:12',0),('1316','2018-06-01',658,29,266,14,'2018-01-25 06:38:19','2019-09-09 12:12:12',0),('1317','2018-06-02',659,29,266,14,'2018-01-25 06:38:19','2019-09-09 12:12:12',0),('1318','2018-06-03',659,29,267,14,'2018-01-25 06:38:19','2019-09-09 12:12:12',0),('1319','2018-06-04',660,29,267,14,'2018-01-25 06:38:19','2019-09-09 12:12:12',0),('1320','2018-06-05',660,29,267,14,'2018-01-25 06:38:19','2019-09-09 12:12:12',0),('1321','2018-06-06',661,29,267,14,'2018-01-25 06:38:19','2019-09-09 12:12:12',0),('1322','2018-06-07',661,29,267,14,'2018-01-25 06:38:19','2019-09-09 12:12:12',0),('1323','2018-06-08',662,29,268,14,'2018-01-25 06:38:19','2019-09-09 12:12:12',0),('1324','2018-06-09',662,29,268,14,'2018-01-25 06:38:19','2019-09-09 12:12:12',0),('1325','2018-06-10',663,30,268,14,'2018-01-25 06:38:19','2019-09-09 12:12:12',0),('1326','2018-06-11',663,30,268,14,'2018-01-25 06:38:19','2019-09-09 12:12:12',0),('1327','2018-06-12',664,30,268,14,'2018-01-25 06:38:19','2019-09-09 12:12:12',0),('1328','2018-06-13',664,30,269,14,'2018-01-25 06:38:19','2019-09-09 12:12:12',0),('1329','2018-06-14',665,30,269,14,'2018-01-25 06:38:19','2019-09-09 12:12:12',0),('1330','2018-06-15',665,30,269,14,'2018-01-25 06:38:19','2019-09-09 12:12:12',0),('1331','2018-06-16',666,30,269,14,'2018-01-25 06:38:19','2019-09-09 12:12:12',0),('1332','2018-06-17',666,30,269,14,'2018-01-25 06:38:19','2019-09-09 12:12:12',0),('1333','2018-06-18',667,30,270,14,'2018-01-25 06:38:19','2019-09-09 12:12:12',0),('1334','2018-06-19',667,30,270,14,'2018-01-25 06:38:19','2019-09-09 12:12:12',0),('1335','2018-06-20',668,30,270,14,'2018-01-25 06:38:19','2019-09-09 12:12:12',0),('1336','2018-06-21',668,30,270,14,'2018-01-25 06:38:19','2019-09-09 12:12:12',0),('1337','2018-06-22',669,30,270,14,'2018-01-25 06:38:19','2019-09-09 12:12:12',0),('1338','2018-06-23',669,30,271,14,'2018-01-25 06:38:19','2019-09-09 12:12:12',0),('1339','2018-06-24',670,30,271,14,'2018-01-25 06:38:19','2019-09-09 12:12:12',0),('1340','2018-06-25',670,30,271,14,'2018-01-25 06:38:19','2019-09-09 12:12:12',0),('1341','2018-06-26',671,30,271,14,'2018-01-25 06:38:19','2019-09-09 12:12:12',0),('1342','2018-06-27',671,30,271,14,'2018-01-25 06:38:19','2019-09-09 12:12:12',0),('1343','2018-06-28',672,30,272,14,'2018-01-25 06:38:19','2019-09-09 12:12:12',0),('1344','2018-06-29',672,30,272,14,'2018-01-25 06:38:19','2019-09-09 12:12:12',0),('1345','2018-06-30',673,30,272,14,'2018-01-25 06:38:20','2019-09-09 12:12:12',0),('1346','2018-07-01',673,30,272,14,'2018-01-25 06:38:20','2019-09-09 12:12:12',0),('1347','2018-07-02',674,30,272,14,'2018-01-25 06:38:20','2019-09-09 12:12:12',0),('1348','2018-07-03',674,30,273,14,'2018-01-25 06:38:20','2019-09-09 12:12:12',0),('1349','2018-07-04',675,30,273,14,'2018-01-25 06:38:20','2019-09-09 12:12:12',0),('1350','2018-07-05',675,30,273,14,'2018-01-25 06:38:20','2019-09-09 12:12:12',0),('1351','2018-07-06',676,30,273,14,'2018-01-25 06:38:20','2019-09-09 12:12:12',0),('1352','2018-07-07',676,30,273,14,'2018-01-25 06:38:20','2019-09-09 12:12:12',0),('1353','2018-07-08',677,30,274,14,'2018-01-25 06:38:20','2019-09-09 12:12:12',0),('1354','2018-07-09',677,30,274,14,'2018-01-25 06:38:20','2019-09-09 12:12:12',0),('1355','2018-07-10',678,30,274,14,'2018-01-25 06:38:20','2019-09-09 12:12:12',0),('1356','2018-07-11',678,30,274,14,'2018-01-25 06:38:20','2019-09-09 12:12:12',0),('1357','2018-07-12',679,30,274,14,'2018-01-25 06:38:20','2019-09-09 12:12:12',0),('1358','2018-07-13',679,30,275,14,'2018-01-25 06:38:20','2019-09-09 12:12:12',0),('1359','2018-07-14',680,30,275,14,'2018-01-25 06:38:20','2019-09-09 12:12:12',0),('1360','2018-07-15',680,30,275,14,'2018-01-25 06:38:20','2019-09-09 12:12:12',0),('1361','2018-07-16',681,30,275,14,'2018-01-25 06:38:20','2019-09-09 12:12:12',0),('1362','2018-07-17',681,30,275,14,'2018-01-25 06:38:20','2019-09-09 12:12:12',0),('1363','2018-07-18',682,30,276,14,'2018-01-25 06:38:20','2019-09-09 12:12:12',0),('1364','2018-07-19',682,30,276,14,'2018-01-25 06:38:20','2019-09-09 12:12:12',0),('1365','2018-07-20',683,30,276,14,'2018-01-25 06:38:20','2019-09-09 12:12:12',0),('1366','2018-07-21',683,30,276,14,'2018-01-25 06:38:20','2019-09-09 12:12:12',0),('1367','2018-07-22',684,30,276,14,'2018-01-25 06:38:20','2019-09-09 12:12:12',0),('1368','2018-07-23',684,30,277,14,'2018-01-25 06:38:20','2019-09-09 12:12:12',0),('1369','2018-07-24',685,30,277,14,'2018-01-25 06:38:20','2019-09-09 12:12:12',0),('1370','2018-07-25',685,30,277,14,'2018-01-25 06:38:20','2019-09-09 12:12:12',0),('1371','2018-07-26',686,30,277,14,'2018-01-25 06:38:20','2019-09-09 12:12:12',0),('1372','2018-07-27',686,30,277,14,'2018-01-25 06:38:20','2019-09-09 12:12:12',0),('1373','2018-07-28',687,30,278,14,'2018-01-25 06:38:20','2019-09-09 12:12:12',0),('1374','2018-07-29',687,30,278,14,'2018-01-25 06:38:20','2019-09-09 12:12:12',0),('1375','2018-07-30',688,31,278,14,'2018-01-25 06:38:20','2019-09-09 12:12:12',0),('1376','2018-07-31',688,31,278,14,'2018-01-25 06:38:20','2019-09-09 12:12:12',0),('1377','2018-08-01',689,31,278,14,'2018-01-25 06:38:20','2019-09-09 12:12:12',0),('1378','2018-08-02',689,31,279,14,'2018-01-25 06:38:20','2019-09-09 12:12:12',0),('1379','2018-08-03',690,31,279,14,'2018-01-25 06:38:20','2019-09-09 12:12:12',0),('1380','2018-08-04',690,31,279,14,'2018-01-25 06:38:20','2019-09-09 12:12:12',0),('1381','2018-08-05',691,31,279,14,'2018-01-25 06:38:20','2019-09-09 12:12:12',0),('1382','2018-08-06',691,31,279,14,'2018-01-25 06:38:20','2019-09-09 12:12:12',0),('1383','2018-08-07',692,31,280,14,'2018-01-25 06:38:20','2019-09-09 12:12:12',0),('1384','2018-08-08',692,31,280,14,'2018-01-25 06:38:20','2019-09-09 12:12:12',0),('1385','2018-08-09',1,31,280,14,'2018-01-25 06:38:20','2019-09-09 12:12:12',0),('1386','2018-08-10',693,31,280,14,'2018-01-25 06:38:20','2019-09-09 12:12:12',0),('1387','2018-08-11',694,31,280,14,'2018-01-25 06:38:20','2019-09-09 12:12:12',0),('1388','2018-08-12',694,31,281,14,'2018-01-25 06:38:20','2019-09-09 12:12:12',0),('1389','2018-08-13',695,31,281,14,'2018-01-25 06:38:20','2019-09-09 12:12:12',0),('1390','2018-08-14',695,31,281,14,'2018-01-25 06:38:20','2019-09-09 12:12:12',0),('1391','2018-08-15',696,31,281,14,'2018-01-25 06:38:20','2019-09-09 12:12:12',0),('1392','2018-08-16',696,31,281,14,'2018-01-25 06:38:20','2019-09-09 12:12:12',0),('1393','2018-08-17',697,31,282,14,'2018-01-25 06:38:20','2019-09-09 12:12:12',0),('1394','2018-08-18',697,31,282,14,'2018-01-25 06:38:20','2019-09-09 12:12:12',0),('1395','2018-08-19',698,31,282,14,'2018-01-25 06:38:20','2019-09-09 12:12:12',0),('1396','2018-08-20',698,31,282,14,'2018-01-25 06:38:20','2019-09-09 12:12:12',0),('1397','2018-08-21',699,31,282,14,'2018-01-25 06:38:20','2019-09-09 12:12:12',0),('1398','2018-08-22',699,31,283,14,'2018-01-25 06:38:20','2019-09-09 12:12:12',0),('1399','2018-08-23',700,31,283,14,'2018-01-25 06:38:20','2019-09-09 12:12:12',0),('1400','2018-08-24',700,31,283,14,'2018-01-25 06:38:20','2019-09-09 12:12:12',0),('1401','2018-08-25',701,31,283,14,'2018-01-25 06:38:20','2019-09-09 12:12:12',0),('1402','2018-08-26',701,31,283,14,'2018-01-25 06:38:20','2019-09-09 12:12:12',0),('1403','2018-08-27',702,31,284,14,'2018-01-25 06:38:20','2019-09-09 12:12:12',0),('1404','2018-08-28',702,31,284,14,'2018-01-25 06:38:20','2019-09-09 12:12:12',0),('1405','2018-08-29',703,31,284,14,'2018-01-25 06:38:20','2019-09-09 12:12:12',0),('1406','2018-08-30',703,31,284,14,'2018-01-25 06:38:20','2019-09-09 12:12:12',0),('1407','2018-08-31',704,31,284,14,'2018-01-25 06:38:20','2019-09-09 12:12:12',0),('1408','2018-09-01',1,31,285,14,'2018-01-25 06:38:20','2019-09-09 12:12:12',0),('1409','2018-09-02',705,31,285,14,'2018-01-25 06:38:20','2019-09-09 12:12:12',0),('1410','2018-09-03',705,31,285,14,'2018-01-25 06:38:20','2019-09-09 12:12:12',0),('1411','2018-09-04',706,31,285,14,'2018-01-25 06:38:20','2019-09-09 12:12:12',0),('1412','2018-09-05',706,31,285,14,'2018-01-25 06:38:20','2019-09-09 12:12:12',0),('1413','2018-09-06',707,31,286,14,'2018-01-25 06:38:20','2019-09-09 12:12:12',0),('1414','2018-09-07',707,31,1,14,'2018-01-25 06:38:20','2019-09-09 12:12:12',0),('1415','2018-09-08',708,31,1,14,'2018-01-25 06:38:20','2019-09-09 12:12:12',0),('1416','2018-09-09',1,31,1,14,'2018-01-25 06:38:20','2019-09-09 12:12:12',0),('1417','2018-09-10',1,31,2,14,'2018-01-25 06:38:20','2019-09-09 12:12:12',0),('1418','2018-09-11',709,31,287,14,'2018-01-25 06:38:20','2019-09-09 12:12:12',0),('1419','2018-09-12',710,31,287,14,'2018-01-25 06:38:20','2019-09-09 12:12:12',0),('1420','2018-09-13',710,31,287,14,'2018-01-25 06:38:20','2019-09-09 12:12:12',0),('1421','2018-09-14',711,31,287,14,'2018-01-25 06:38:20','2019-09-09 12:12:12',0),('1422','2018-09-15',711,31,287,14,'2018-01-25 06:38:20','2019-09-09 12:12:12',0),('1423','2018-09-16',712,31,288,14,'2018-01-25 06:38:20','2019-09-09 12:12:12',0),('1424','2018-09-17',712,31,288,14,'2018-01-25 06:38:20','2019-09-09 12:12:12',0),('1425','2018-09-18',713,32,288,14,'2018-01-25 06:38:20','2019-09-09 12:12:12',0),('1426','2018-09-19',713,32,288,14,'2018-01-25 06:38:20','2019-09-09 12:12:12',0),('1427','2018-09-20',714,32,288,14,'2018-01-25 06:38:20','2019-09-09 12:12:12',0),('1428','2018-09-21',714,32,289,14,'2018-01-25 06:38:20','2019-09-09 12:12:12',0),('1429','2018-09-22',715,32,289,14,'2018-01-25 06:38:20','2019-09-09 12:12:12',0),('1430','2018-09-23',715,32,289,14,'2018-01-25 06:38:20','2019-09-09 12:12:12',0),('1431','2018-09-24',716,32,1,14,'2018-01-25 06:38:20','2019-09-09 12:12:12',0),('1432','2018-09-25',716,32,289,14,'2018-01-25 06:38:20','2019-09-09 12:12:12',0),('1433','2018-09-26',717,32,290,14,'2018-01-25 06:38:20','2019-09-09 12:12:12',0),('1434','2018-09-27',717,32,290,14,'2018-01-25 06:38:20','2019-09-09 12:12:12',0),('1435','2018-09-28',718,32,290,14,'2018-01-25 06:38:20','2019-09-09 12:12:12',0),('1436','2018-09-29',718,32,1,14,'2018-01-25 06:38:20','2019-09-09 12:12:12',0),('1437','2018-09-30',719,32,290,14,'2018-01-25 06:38:20','2019-09-09 12:12:12',0),('1438','2018-10-01',719,32,291,14,'2018-01-25 06:38:20','2019-09-09 12:12:12',0),('1439','2018-10-02',720,32,291,14,'2018-01-25 06:38:20','2019-09-09 12:12:12',0),('1440','2018-10-03',720,32,291,14,'2018-01-25 06:38:20','2019-09-09 12:12:12',0),('1441','2018-10-04',721,32,291,14,'2018-01-25 06:38:20','2019-09-09 12:12:12',0),('1442','2018-10-05',721,32,291,14,'2018-01-25 06:38:20','2019-09-09 12:12:12',0),('1443','2018-10-06',722,32,292,14,'2018-01-25 06:38:20','2019-09-09 12:12:12',0),('1444','2018-10-07',722,32,292,14,'2018-01-25 06:38:20','2019-09-09 12:12:12',0),('1445','2018-10-08',1,32,292,14,'2018-01-25 06:38:20','2019-09-09 12:12:12',0),('1446','2018-10-09',723,32,292,14,'2018-01-25 06:38:20','2019-09-09 12:12:12',0),('1447','2018-10-10',724,32,292,14,'2018-01-25 06:38:20','2019-09-09 12:12:12',0),('1448','2018-10-11',724,32,293,14,'2018-01-25 06:38:20','2019-09-09 12:12:12',0),('1449','2018-10-12',725,32,293,14,'2018-01-25 06:38:20','2019-09-09 12:12:12',0),('1450','2018-10-13',725,32,293,14,'2018-01-25 06:38:20','2019-09-09 12:12:12',0),('1451','2018-10-14',726,32,4,14,'2018-01-25 06:38:20','2019-09-09 12:12:12',0),('1452','2018-10-15',726,32,293,14,'2018-01-25 06:38:20','2019-09-09 12:12:12',0),('1453','2018-10-16',727,32,294,14,'2018-01-25 06:38:20','2019-09-09 12:12:12',0),('1454','2018-10-17',727,32,294,14,'2018-01-25 06:38:20','2019-09-09 12:12:12',0),('1455','2018-10-18',728,32,294,14,'2018-01-25 06:38:20','2019-09-09 12:12:12',0),('1456','2018-10-19',728,32,294,14,'2018-01-25 06:38:20','2019-09-09 12:12:12',0),('1457','2018-10-20',729,32,294,14,'2018-01-25 06:38:20','2019-09-09 12:12:12',0),('1458','2018-10-21',729,32,295,14,'2018-01-25 06:38:20','2019-09-09 12:12:12',0),('1459','2018-10-22',730,32,1,14,'2018-01-25 06:38:20','2019-09-09 12:12:12',0),('1460','2018-10-23',730,32,295,14,'2018-01-25 06:38:20','2019-09-09 12:12:12',0),('1461','2018-10-24',731,32,295,14,'2018-01-25 06:38:20','2019-09-09 12:12:12',0),('1462','2018-10-25',731,32,295,14,'2018-01-25 06:38:20','2019-09-09 12:12:12',0),('1463','2018-10-26',732,32,296,14,'2018-01-25 06:38:20','2019-09-09 12:12:12',0),('1464','2018-10-27',732,32,296,14,'2018-01-25 06:38:20','2019-09-09 12:12:12',0),('1465','2018-10-28',733,32,296,14,'2018-01-25 06:38:20','2019-09-09 12:12:12',0),('1466','2018-10-29',2,32,3,14,'2018-01-25 06:38:20','2019-09-09 12:12:12',0),('1467','2018-10-30',734,32,296,14,'2018-01-25 06:38:20','2019-09-09 12:12:12',0),('1468','2018-10-31',734,32,297,14,'2018-01-25 06:38:20','2019-09-09 12:12:12',0),('1469','2018-11-01',735,32,297,14,'2018-01-25 06:38:20','2019-09-09 12:12:12',0),('1470','2018-11-02',735,32,297,14,'2018-01-25 06:38:20','2019-09-09 12:12:12',0),('1471','2018-11-03',1,32,297,14,'2018-01-25 06:38:20','2019-09-09 12:12:12',0),('1472','2018-11-04',736,32,1,14,'2018-01-25 06:38:20','2019-09-09 12:12:12',0),('1473','2018-11-05',737,32,298,14,'2018-01-25 06:38:20','2019-09-09 12:12:12',0),('1474','2018-11-06',737,32,298,14,'2018-01-25 06:38:20','2019-09-09 12:12:12',0),('1475','2018-11-07',738,33,298,14,'2018-01-25 06:38:20','2019-09-09 12:12:12',0),('1476','2018-11-08',738,33,169,14,'2018-01-25 06:38:20','2019-09-09 12:12:12',0),('1477','2018-11-09',1,33,298,14,'2018-01-25 06:38:20','2019-09-09 12:12:12',0),('1478','2018-11-10',739,33,78,14,'2018-01-25 06:38:20','2019-09-09 12:12:12',0),('1479','2018-11-11',740,33,299,14,'2018-01-25 06:38:20','2019-09-09 12:12:12',0),('1480','2018-11-12',740,33,299,14,'2018-01-25 06:38:20','2019-09-09 12:12:12',0),('1481','2018-11-13',741,33,299,14,'2018-01-25 06:38:20','2019-09-09 12:12:12',0),('1482','2018-11-14',741,33,299,14,'2018-01-25 06:38:20','2019-09-09 12:12:12',0),('1483','2018-11-15',742,33,300,14,'2018-01-25 06:38:20','2019-09-09 12:12:12',0),('1484','2018-11-16',742,33,35,14,'2018-01-25 06:38:20','2019-09-09 12:12:12',0),('1485','2018-11-17',743,33,300,14,'2018-01-25 06:38:20','2019-09-09 12:12:12',0),('1486','2018-11-18',743,33,300,14,'2018-01-25 06:38:20','2019-09-09 12:12:12',0),('1487','2018-11-19',744,33,300,14,'2018-01-25 06:38:20','2019-09-09 12:12:12',0),('1488','2018-11-20',744,33,301,14,'2018-01-25 06:38:20','2019-09-09 12:12:12',0),('1489','2018-11-21',745,33,234,14,'2018-01-25 06:38:20','2019-09-09 12:12:12',0),('1490','2018-11-22',456,33,301,14,'2018-01-25 06:38:20','2019-09-09 12:12:12',0),('1491','2018-11-23',746,33,301,14,'2018-01-25 06:38:20','2019-09-09 12:12:12',0),('1492','2018-11-24',746,33,301,14,'2018-01-25 06:38:20','2019-09-09 12:12:12',0),('1493','2018-11-25',747,33,302,14,'2018-01-25 06:38:20','2019-09-09 12:12:12',0),('1494','2018-11-26',747,4,302,14,'2018-01-25 06:38:20','2019-09-09 12:12:12',0),('1495','2018-11-27',748,33,302,14,'2018-01-25 06:38:20','2019-09-09 12:12:12',0),('1496','2018-11-28',748,33,36,14,'2018-01-25 06:38:20','2019-09-09 12:12:12',0),('1497','2018-11-29',749,33,302,2,'2018-01-25 06:38:20','2019-09-09 12:12:12',0),('1498','2018-11-30',749,3,303,14,'2018-01-25 06:38:20','2019-09-09 12:12:12',0),('1499','2018-12-01',750,33,303,14,'2018-01-25 06:38:20','2019-09-09 12:12:12',0),('1500','2018-12-02',234,33,303,14,'2018-01-25 06:38:20','2019-09-09 12:12:12',0),('1501','2018-12-03',751,33,303,14,'2018-01-25 06:38:20','2019-09-09 12:12:12',0),('1502','2018-12-04',751,33,303,14,'2018-01-25 06:38:20','2019-09-09 12:12:12',0),('1503','2018-12-05',752,6,304,33,'2018-01-25 06:38:20','2019-09-09 12:12:12',0),('1505','2018-12-07',753,33,55,14,'2018-01-25 06:38:20','2019-09-09 12:12:12',0),('1506','2018-12-08',753,33,304,14,'2018-01-25 06:38:20','2019-09-09 12:12:12',0),('1507','2018-12-09',754,33,304,14,'2018-01-25 06:38:20','2019-09-09 12:12:12',0),('1508','2018-12-10',754,1,305,14,'2018-01-25 06:38:20','2019-09-09 12:12:12',0),('1509','2018-12-11',755,33,305,14,'2018-01-25 06:38:20','2019-09-09 12:12:12',0),('1510','2018-12-12',755,33,305,14,'2018-01-25 06:38:20','2019-09-09 12:12:12',0),('1511','2018-12-13',756,33,305,14,'2018-01-25 06:38:20','2019-09-09 12:12:12',0),('1512','2018-12-14',366,33,305,14,'2018-01-25 06:38:20','2019-09-09 12:12:12',0),('1513','2018-12-15',757,33,66,14,'2018-01-25 06:38:20','2019-09-09 12:12:12',0),('1514','2018-12-16',757,33,306,14,'2018-01-25 06:38:20','2019-09-09 12:12:12',0),('1515','2018-12-17',758,33,306,14,'2018-01-25 06:38:20','2019-09-09 12:12:12',0),('1516','2018-12-18',758,2,306,14,'2018-01-25 06:38:20','2019-09-09 12:12:12',0),('1517','2018-12-19',759,33,306,14,'2018-01-25 06:38:20','2019-09-09 12:12:12',0),('1518','2018-12-20',564,33,307,14,'2018-01-25 06:38:20','2019-09-09 12:12:12',0),('1519','2018-12-21',760,33,307,14,'2018-01-25 06:38:20','2019-09-09 12:12:12',0),('1520','2018-12-22',760,33,307,14,'2018-01-25 06:38:20','2019-09-09 12:12:12',0),('1521','2018-12-23',761,33,307,14,'2018-01-25 06:38:20','2019-09-09 12:12:12',0),('1522','2018-12-24',761,33,307,14,'2018-01-25 06:38:20','2019-09-09 12:12:12',0),('1527','2018-12-29',764,34,308,14,'2018-01-25 06:38:20','2019-09-09 12:12:12',0),('1528','2018-12-30',764,34,309,14,'2018-01-25 06:38:20','2019-09-09 12:12:12',0),('1529','2018-12-31',765,34,309,14,'2018-01-25 06:38:20','2019-09-09 12:12:12',0),('1554','2018-01-01',333,34,314,14,'2018-02-02 08:58:31','2019-09-09 12:12:12',0),('1555','2018-01-02',778,34,314,14,'2018-02-02 08:58:31','2019-09-09 12:12:12',0),('1556','2018-01-03',778,34,314,14,'2018-02-02 08:58:31','2019-09-09 12:12:12',0),('1557','2018-01-04',779,34,314,14,'2018-02-02 08:58:31','2019-09-09 12:12:12',0),('1558','2018-01-05',779,34,315,14,'2018-02-02 08:58:31','2019-09-09 12:12:12',0),('1559','2018-01-06',780,34,315,14,'2018-02-02 08:58:31','2019-09-09 12:12:12',0),('1560','2018-01-07',780,34,315,14,'2018-02-02 08:58:31','2019-09-09 12:12:12',0),('1561','2018-01-08',781,34,315,14,'2018-02-02 08:58:31','2019-09-09 12:12:12',0),('1562','2018-01-09',781,34,315,14,'2018-02-02 08:58:31','2019-09-09 12:12:12',0),('1563','2018-01-10',782,34,316,14,'2018-02-02 08:58:31','2019-09-09 12:12:12',0),('1564','2018-01-11',782,34,316,14,'2018-02-02 08:58:31','2019-09-09 12:12:12',0),('1565','2018-01-12',783,34,316,14,'2018-02-02 08:58:31','2019-09-09 12:12:12',0),('1566','2018-01-13',783,34,316,14,'2018-02-02 08:58:31','2019-09-09 12:12:12',0),('1567','2018-01-14',784,34,316,14,'2018-02-02 08:58:31','2019-09-09 12:12:12',0),('1568','2018-01-15',784,34,317,14,'2018-02-02 08:58:31','2019-09-09 12:12:12',0),('1569','2018-01-16',23,34,317,14,'2018-02-02 08:58:31','2019-09-09 12:12:12',0),('1570','2018-01-17',785,34,317,14,'2018-02-02 08:58:31','2019-09-09 12:12:12',0),('1571','2018-01-18',786,34,317,14,'2018-02-02 08:58:31','2019-09-09 12:12:12',0),('1572','2018-01-19',786,34,317,14,'2018-02-02 08:58:31','2019-09-09 12:12:12',0),('1573','2018-01-20',787,2,318,14,'2018-02-02 08:58:31','2019-09-09 12:12:12',0),('1574','2018-01-21',787,2,318,14,'2018-02-02 08:58:31','2019-09-09 12:12:12',0),('1575','2018-01-22',788,1,318,14,'2018-02-02 08:58:31','2019-09-09 12:12:12',0),('1576','2018-01-23',788,35,318,14,'2018-02-02 08:58:31','2019-09-09 12:12:12',0),('1577','2018-01-24',789,35,318,14,'2018-02-02 08:58:31','2019-09-09 12:12:12',0),('1578','2018-01-25',789,1,319,14,'2018-02-02 08:58:31','2019-09-09 12:12:12',0),('1579','2018-01-26',790,1,319,14,'2018-02-02 08:58:31','2019-09-09 12:12:12',0),('1580','2018-01-27',531,2,319,14,'2018-02-02 08:58:31','2019-09-09 12:12:12',0),('1581','2018-01-28',791,2,319,14,'2018-02-02 08:58:31','2019-09-09 12:12:12',0),('1582','2018-01-29',791,2,319,14,'2018-02-02 08:58:31','2019-09-09 12:12:12',0),('1583','2018-01-30',2,4,2,14,'2018-02-02 08:58:31','2019-09-09 12:12:12',0),('1584','2018-01-31',792,35,320,14,'2018-02-02 08:58:31','2019-09-09 12:12:12',0),('1586','2018-02-01',793,4,3,14,'2018-02-25 10:54:34','2019-09-09 12:12:12',0),('1587','2018-02-02',794,2,1,14,'2018-02-25 10:54:34','2019-09-09 12:12:12',0),('1588','2018-02-03',794,1,4,14,'2018-02-25 10:54:34','2019-09-09 12:12:12',0),('1589','2018-02-04',795,35,321,14,'2018-02-25 10:54:34','2019-09-09 12:12:12',0),('1590','2018-02-05',795,35,321,14,'2018-02-25 10:54:34','2019-09-09 12:12:12',0),('1591','2018-02-06',796,35,321,14,'2018-02-25 10:54:34','2019-09-09 12:12:12',0),('1592','2018-02-07',796,35,321,14,'2018-02-25 10:54:34','2019-09-09 12:12:12',0),('1593','2018-02-08',797,35,322,14,'2018-02-25 10:54:34','2019-09-09 12:12:12',0),('1594','2018-02-09',797,35,322,14,'2018-02-25 10:54:34','2019-09-09 12:12:12',0),('1595','2018-02-10',99,35,322,14,'2018-02-25 10:54:34','2019-09-09 12:12:12',0),('1596','2018-02-11',798,35,322,14,'2018-02-25 10:54:34','2019-09-09 12:12:12',0),('1597','2018-02-12',799,35,322,14,'2018-02-25 10:54:34','2019-09-09 12:12:12',0),('1598','2018-02-13',799,35,323,14,'2018-02-25 10:54:34','2019-09-09 12:12:12',0),('1599','2018-02-14',800,35,323,14,'2018-02-25 10:54:34','2019-09-09 12:12:12',0),('1600','2018-02-15',800,35,323,14,'2018-02-25 10:54:34','2019-09-09 12:12:12',0),('1601','2018-02-16',89,35,90,14,'2018-02-25 10:54:34','2019-09-09 12:12:12',0),('1602','2018-02-17',801,35,323,14,'2018-02-25 10:54:34','2019-09-09 12:12:12',0),('1603','2018-02-18',802,23,324,14,'2018-02-25 10:54:34','2019-09-09 12:12:12',0),('1604','2018-02-19',802,2,324,14,'2018-02-25 10:54:34','2019-09-09 12:12:12',0),('1605','2018-02-20',803,56,324,14,'2018-02-25 10:54:34','2019-09-09 12:12:12',0),('1606','2018-02-21',45,35,89,14,'2018-02-25 10:54:34','2019-09-09 12:12:12',0),('1607','2018-02-22',804,35,324,14,'2018-02-25 10:54:34','2019-09-09 12:12:12',0),('1608','2018-02-23',804,35,325,14,'2018-02-25 10:54:34','2019-09-09 12:12:12',0),('1609','2018-02-24',805,1,3,14,'2018-02-25 10:54:34','2019-09-09 12:12:12',0),('1610','2018-05-15',0,0,0,7,'2018-05-16 00:25:27','2019-09-09 12:12:12',0),('1611','2018-10-01',0,0,0,7,'2018-10-24 16:17:15','2019-09-09 12:12:12',0),('1612','2018-10-02',0,0,0,7,'2018-10-24 16:17:15','2019-09-09 12:12:12',0),('1613','2018-10-03',0,0,0,7,'2018-10-24 16:17:15','2019-09-09 12:12:12',0),('1614','2018-10-04',0,0,0,7,'2018-10-24 16:17:15','2019-09-09 12:12:12',0),('1615','2018-10-05',0,0,0,7,'2018-10-24 16:17:15','2019-09-09 12:12:12',0),('1742179512621318146','2023-12-30',3,179,181,150,'2024-01-02 21:42:19','2024-01-02 21:42:19',0),('1742216597604417537','2023-12-28',0,107,148,175,'2024-01-03 00:09:40','2024-01-03 00:09:40',1),('1742782781164879873','2023-12-28',0,199,117,192,'2024-01-04 13:39:29','2024-01-04 13:39:29',1),('1742792532217057281','2023-12-28',0,187,100,128,'2024-01-04 14:18:14','2024-01-04 14:18:14',0);
/*!40000 ALTER TABLE `statistics_daily` ENABLE KEYS */;
UNLOCK TABLES;

--
-- Table structure for table `t_order`
--

DROP TABLE IF EXISTS `t_order`;
/*!40101 SET @saved_cs_client     = @@character_set_client */;
/*!40101 SET character_set_client = utf8 */;
CREATE TABLE `t_order` (
  `id` char(19) NOT NULL DEFAULT '',
  `order_no` varchar(20) NOT NULL DEFAULT '' COMMENT '订单号',
  `course_id` varchar(19) NOT NULL DEFAULT '' COMMENT '课程id',
  `course_title` varchar(100) DEFAULT NULL COMMENT '课程名称',
  `course_cover` varchar(255) DEFAULT NULL COMMENT '课程封面',
  `teacher_name` varchar(20) DEFAULT NULL COMMENT '讲师名称',
  `member_id` varchar(19) NOT NULL DEFAULT '' COMMENT '会员id',
  `nickname` varchar(50) DEFAULT NULL COMMENT '会员昵称',
  `mobile` varchar(11) DEFAULT NULL COMMENT '会员手机',
  `total_fee` decimal(10,2) DEFAULT '0.01' COMMENT '订单金额（分）',
  `pay_type` tinyint(3) DEFAULT NULL COMMENT '支付类型（1：微信 2：支付宝）',
  `status` tinyint(3) DEFAULT NULL COMMENT '订单状态（0：未支付 1：已支付）',
  `is_deleted` tinyint(1) unsigned NOT NULL DEFAULT '0' COMMENT '逻辑删除 1（true）已删除， 0（false）未删除',
  `gmt_create` datetime NOT NULL COMMENT '创建时间',
  `gmt_modified` datetime NOT NULL COMMENT '更新时间',
  PRIMARY KEY (`id`),
  UNIQUE KEY `ux_order_no` (`order_no`),
  KEY `idx_course_id` (`course_id`),
  KEY `idx_member_id` (`member_id`)
) ENGINE=InnoDB DEFAULT CHARSET=utf8mb4 COMMENT='订单';
/*!40101 SET character_set_client = @saved_cs_client */;

--
-- Dumping data for table `t_order`
--

LOCK TABLES `t_order` WRITE;
/*!40000 ALTER TABLE `t_order` DISABLE KEYS */;
INSERT INTO `t_order` VALUES ('1195693605513891841','1195693605555834880','18','Java精品课程','http://guli-file.oss-cn-beijing.aliyuncs.com/cover/2019/03/06/866e9aca-b530-4f71-a690-72d4a4bfd1e7.jpg','晴天','1','小三1231','13700000001',1.00,NULL,0,0,'2019-11-16 21:22:25','2019-11-16 21:22:25'),('1195694200178118657','1195694200186507264','18','Java精品课程','http://guli-file.oss-cn-beijing.aliyuncs.com/cover/2019/03/06/866e9aca-b530-4f71-a690-72d4a4bfd1e7.jpg','晴天','1','小三1231','13700000001',1.00,NULL,0,0,'2019-11-16 21:24:47','2019-11-16 21:24:47'),('1196264007411744769','1196264005255872512','1192252213659774977','java基础课程：test','https://guli-file-190513.oss-cn-beijing.aliyuncs.com/cover/default.gif','晴天','1','小三1231','13700000001',1.00,NULL,1,0,'2019-11-18 11:09:00','2019-11-18 11:10:14'),('1196265495278174209','1196265495273979904','18','Java精品课程','http://guli-file.oss-cn-beijing.aliyuncs.com/cover/2019/03/06/866e9aca-b530-4f71-a690-72d4a4bfd1e7.jpg','晴天','1','小三1231','13700000001',1.00,NULL,0,0,'2019-11-18 11:14:54','2019-11-18 11:14:54'),('1742067693336420353','20240102141758903','18','Java精品课程','https://guli-edu-vectorx.oss-cn-shanghai.aliyuncs.com/course/1442295581911.jpg','晴天','1741115981247344642','?忘了','',0.01,1,1,0,'2024-01-02 14:17:59','2024-01-02 14:37:27');
/*!40000 ALTER TABLE `t_order` ENABLE KEYS */;
UNLOCK TABLES;

--
-- Table structure for table `t_pay_log`
--

DROP TABLE IF EXISTS `t_pay_log`;
/*!40101 SET @saved_cs_client     = @@character_set_client */;
/*!40101 SET character_set_client = utf8 */;
CREATE TABLE `t_pay_log` (
  `id` char(19) NOT NULL DEFAULT '',
  `order_no` varchar(20) NOT NULL DEFAULT '' COMMENT '订单号',
  `pay_time` datetime DEFAULT NULL COMMENT '支付完成时间',
  `total_fee` decimal(10,2) DEFAULT '0.01' COMMENT '支付金额（分）',
  `transaction_id` varchar(30) DEFAULT NULL COMMENT '交易流水号',
  `trade_state` char(20) DEFAULT NULL COMMENT '交易状态',
  `pay_type` tinyint(3) NOT NULL DEFAULT '0' COMMENT '支付类型（1：微信 2：支付宝）',
  `attr` text COMMENT '其他属性',
  `is_deleted` tinyint(1) unsigned NOT NULL DEFAULT '0' COMMENT '逻辑删除 1（true）已删除， 0（false）未删除',
  `gmt_create` datetime NOT NULL COMMENT '创建时间',
  `gmt_modified` datetime NOT NULL COMMENT '更新时间',
  PRIMARY KEY (`id`),
  UNIQUE KEY `uk_order_no` (`order_no`)
) ENGINE=InnoDB DEFAULT CHARSET=utf8mb4 COMMENT='支付日志表';
/*!40101 SET character_set_client = @saved_cs_client */;

--
-- Dumping data for table `t_pay_log`
--

LOCK TABLES `t_pay_log` WRITE;
/*!40000 ALTER TABLE `t_pay_log` DISABLE KEYS */;
INSERT INTO `t_pay_log` VALUES ('1194498446013001730','1194498300579704832','2019-11-13 14:13:17',1.00,'4200000469201911130676624386','SUCCESS',1,'{\"transaction_id\":\"4200000469201911130676624386\",\"nonce_str\":\"2Lc23ILl231It53M\",\"trade_state\":\"SUCCESS\",\"bank_type\":\"CFT\",\"openid\":\"oNpSGwR-QGG5DaZtDkh2UZlsFDQE\",\"sign\":\"5404850AA3ED0E844DE104651477F07A\",\"return_msg\":\"OK\",\"fee_type\":\"CNY\",\"mch_id\":\"1473426802\",\"cash_fee\":\"1\",\"out_trade_no\":\"1194498300579704832\",\"cash_fee_type\":\"CNY\",\"appid\":\"wx8397f8696b538317\",\"total_fee\":\"1\",\"trade_state_desc\":\"支付成功\",\"trade_type\":\"NATIVE\",\"result_code\":\"SUCCESS\",\"attach\":\"\",\"time_end\":\"20191113141314\",\"is_subscribe\":\"N\",\"return_code\":\"SUCCESS\"}',0,'2019-11-13 14:13:17','2019-11-13 14:13:17'),('1195253787449430017','1195253049260314624','2019-11-15 16:14:44',1.00,'4200000454201911150981874895','SUCCESS',1,'{\"transaction_id\":\"4200000454201911150981874895\",\"nonce_str\":\"MAM5UM4Xhv1lItvO\",\"trade_state\":\"SUCCESS\",\"bank_type\":\"CFT\",\"openid\":\"oNpSGwR-QGG5DaZtDkh2UZlsFDQE\",\"sign\":\"7DBDCAF4A078B30BB3EF073E6A238C20\",\"return_msg\":\"OK\",\"fee_type\":\"CNY\",\"mch_id\":\"1473426802\",\"cash_fee\":\"1\",\"out_trade_no\":\"1195253049260314624\",\"cash_fee_type\":\"CNY\",\"appid\":\"wx8397f8696b538317\",\"total_fee\":\"1\",\"trade_state_desc\":\"支付成功\",\"trade_type\":\"NATIVE\",\"result_code\":\"SUCCESS\",\"attach\":\"\",\"time_end\":\"20191115161440\",\"is_subscribe\":\"N\",\"return_code\":\"SUCCESS\"}',0,'2019-11-15 16:14:44','2019-11-15 16:14:44'),('1196264321397342210','1196264005255872512','2019-11-18 11:10:14',1.00,'4200000453201911184025781554','SUCCESS',1,'{\"transaction_id\":\"4200000453201911184025781554\",\"nonce_str\":\"D1dHexCLIFIxAAg2\",\"trade_state\":\"SUCCESS\",\"bank_type\":\"CFT\",\"openid\":\"oNpSGwR-QGG5DaZtDkh2UZlsFDQE\",\"sign\":\"C9F5CA1EE49EA7891736D73BEB423962\",\"return_msg\":\"OK\",\"fee_type\":\"CNY\",\"mch_id\":\"1473426802\",\"cash_fee\":\"1\",\"out_trade_no\":\"1196264005255872512\",\"cash_fee_type\":\"CNY\",\"appid\":\"wx8397f8696b538317\",\"total_fee\":\"1\",\"trade_state_desc\":\"支付成功\",\"trade_type\":\"NATIVE\",\"result_code\":\"SUCCESS\",\"attach\":\"\",\"time_end\":\"20191118111011\",\"is_subscribe\":\"N\",\"return_code\":\"SUCCESS\"}',0,'2019-11-18 11:10:14','2019-11-18 11:10:14'),('1742072592287686658','20240102141758903','2024-01-02 14:37:27',0.01,'4200002105202401029065502376','SUCCESS',1,'{\"transaction_id\":\"4200002105202401029065502376\",\"nonce_str\":\"CzV9P9mxUDKyIR7F\",\"trade_state\":\"SUCCESS\",\"bank_type\":\"OTHERS\",\"openid\":\"oHwsHuDYidNkYWu4nj4QGlN8HeoE\",\"sign\":\"1BF2B0B96D1E35BC8AE735E03D8BD398\",\"return_msg\":\"OK\",\"fee_type\":\"CNY\",\"mch_id\":\"1558950191\",\"cash_fee\":\"1\",\"out_trade_no\":\"20240102141758903\",\"cash_fee_type\":\"CNY\",\"appid\":\"wx74862e0dfcf69954\",\"total_fee\":\"1\",\"trade_state_desc\":\"支付成功\",\"trade_type\":\"NATIVE\",\"result_code\":\"SUCCESS\",\"attach\":\"\",\"time_end\":\"20240102143727\",\"is_subscribe\":\"N\",\"return_code\":\"SUCCESS\"}',0,'2024-01-02 14:37:27','2024-01-02 14:37:27');
/*!40000 ALTER TABLE `t_pay_log` ENABLE KEYS */;
UNLOCK TABLES;

--
-- Table structure for table `ucenter_member`
--

DROP TABLE IF EXISTS `ucenter_member`;
/*!40101 SET @saved_cs_client     = @@character_set_client */;
/*!40101 SET character_set_client = utf8 */;
CREATE TABLE `ucenter_member` (
  `id` char(19) NOT NULL COMMENT '会员id',
  `openid` varchar(128) DEFAULT NULL COMMENT '微信openid',
  `mobile` varchar(11) DEFAULT '' COMMENT '手机号',
  `password` varchar(255) DEFAULT NULL COMMENT '密码',
  `nickname` varchar(50) DEFAULT NULL COMMENT '昵称',
  `sex` tinyint(2) unsigned DEFAULT NULL COMMENT '性别 1 女，2 男',
  `age` tinyint(3) unsigned DEFAULT NULL COMMENT '年龄',
  `avatar` varchar(255) DEFAULT NULL COMMENT '用户头像',
  `sign` varchar(100) DEFAULT NULL COMMENT '用户签名',
  `is_disabled` tinyint(1) NOT NULL DEFAULT '0' COMMENT '是否禁用 1（true）已禁用，  0（false）未禁用',
  `is_deleted` tinyint(1) NOT NULL DEFAULT '0' COMMENT '逻辑删除 1（true）已删除， 0（false）未删除',
  `gmt_create` datetime NOT NULL COMMENT '创建时间',
  `gmt_modified` datetime NOT NULL COMMENT '更新时间',
  PRIMARY KEY (`id`)
) ENGINE=InnoDB DEFAULT CHARSET=utf8mb4 COMMENT='会员表';
/*!40101 SET character_set_client = @saved_cs_client */;

--
-- Dumping data for table `ucenter_member`
--

LOCK TABLES `ucenter_member` WRITE;
/*!40000 ALTER TABLE `ucenter_member` DISABLE KEYS */;
INSERT INTO `ucenter_member` VALUES ('1',NULL,'13700000001','96e79218965eb72c92a549dd5a330112','小三123',1,5,'http://thirdwx.qlogo.cn/mmopen/vi_32/DYAIOgq83eoj0hHXhgJNOTSOFsS4uZs8x1ConecaVOB8eIl115xmJZcT4oCicvia7wMEufibKtTLqiaJeanU2Lpg3w/132',NULL,0,0,'2019-01-01 12:11:33','2019-11-08 11:56:01'),('1080736474267144193',NULL,'13700000011','96e79218965eb72c92a549dd5a330112','用户XJtDfaYeKk',1,19,'http://thirdwx.qlogo.cn/mmopen/vi_32/DYAIOgq83eoj0hHXhgJNOTSOFsS4uZs8x1ConecaVOB8eIl115xmJZcT4oCicvia7wMEufibKtTLqiaJeanU2Lpg3w/132',NULL,0,0,'2019-01-02 12:12:45','2019-01-02 12:12:56'),('1080736474355224577',NULL,'13700000002','96e79218965eb72c92a549dd5a330112','用户wUrNkzAPrc',1,27,'http://thirdwx.qlogo.cn/mmopen/vi_32/DYAIOgq83eoj0hHXhgJNOTSOFsS4uZs8x1ConecaVOB8eIl115xmJZcT4oCicvia7wMEufibKtTLqiaJeanU2Lpg3w/132',NULL,0,0,'2019-01-02 12:13:56','2019-01-02 12:14:07'),('1086387099449442306',NULL,'13520191388','96e79218965eb72c92a549dd5a330112','用户XTMUeHDAoj',2,20,'http://thirdwx.qlogo.cn/mmopen/vi_32/DYAIOgq83eoj0hHXhgJNOTSOFsS4uZs8x1ConecaVOB8eIl115xmJZcT4oCicvia7wMEufibKtTLqiaJeanU2Lpg3w/132',NULL,0,0,'2019-01-19 06:17:23','2019-01-19 06:17:23'),('1086387099520745473',NULL,'13520191389','96e79218965eb72c92a549dd5a330112','用户vSdKeDlimn',1,21,'http://thirdwx.qlogo.cn/mmopen/vi_32/DYAIOgq83eoj0hHXhgJNOTSOFsS4uZs8x1ConecaVOB8eIl115xmJZcT4oCicvia7wMEufibKtTLqiaJeanU2Lpg3w/132',NULL,0,0,'2019-01-19 06:17:23','2019-01-19 06:17:23'),('1086387099608825858',NULL,'13520191381','96e79218965eb72c92a549dd5a330112','用户EoyWUVXQoP',1,18,'http://thirdwx.qlogo.cn/mmopen/vi_32/DYAIOgq83eoj0hHXhgJNOTSOFsS4uZs8x1ConecaVOB8eIl115xmJZcT4oCicvia7wMEufibKtTLqiaJeanU2Lpg3w/132',NULL,0,0,'2019-01-19 06:17:23','2019-01-19 06:17:23'),('1086387099701100545',NULL,'13520191382','96e79218965eb72c92a549dd5a330112','用户LcAYbxLNdN',2,24,'http://thirdwx.qlogo.cn/mmopen/vi_32/DYAIOgq83eoj0hHXhgJNOTSOFsS4uZs8x1ConecaVOB8eIl115xmJZcT4oCicvia7wMEufibKtTLqiaJeanU2Lpg3w/132',NULL,0,0,'2019-01-19 06:17:23','2019-01-19 06:17:23'),('1086387099776598018',NULL,'13520191383','96e79218965eb72c92a549dd5a330112','用户dZdjcgltnk',2,25,'http://thirdwx.qlogo.cn/mmopen/vi_32/DYAIOgq83eoj0hHXhgJNOTSOFsS4uZs8x1ConecaVOB8eIl115xmJZcT4oCicvia7wMEufibKtTLqiaJeanU2Lpg3w/132',NULL,0,0,'2019-01-19 06:17:23','2019-01-19 06:17:23'),('1086387099852095490',NULL,'13520191384','96e79218965eb72c92a549dd5a330112','用户wNHGHlxUwX',2,23,'http://thirdwx.qlogo.cn/mmopen/vi_32/DYAIOgq83eoj0hHXhgJNOTSOFsS4uZs8x1ConecaVOB8eIl115xmJZcT4oCicvia7wMEufibKtTLqiaJeanU2Lpg3w/132',NULL,0,0,'2019-01-19 06:17:23','2019-01-19 06:17:23'),('1106746895272849410','o1R-t5u2TfEVeVjO9CPGdHPNw-to',NULL,NULL,'檀梵\'',NULL,NULL,'http://thirdwx.qlogo.cn/mmopen/vi_32/zZfLXcetf2Rpsibq6HbPUWKgWSJHtha9y1XBeaqluPUs6BYicW1FJaVqj7U3ozHd3iaodGKJOvY2PvqYTuCKwpyfQ/132',NULL,0,0,'2019-03-16 10:39:57','2019-03-16 10:39:57'),('1106822699956654081',NULL,NULL,NULL,NULL,NULL,NULL,'http://thirdwx.qlogo.cn/mmopen/vi_32/DYAIOgq83eoj0hHXhgJNOTSOFsS4uZs8x1ConecaVOB8eIl115xmJZcT4oCicvia7wMEufibKtTLqiaJeanU2Lpg3w/132',NULL,0,0,'2019-03-16 15:41:10','2019-03-16 15:41:10'),('1106823035660357634','o1R-t5i4gENwHYRb5lVFy98Z0bdk',NULL,NULL,'GaoSir',NULL,NULL,'http://thirdwx.qlogo.cn/mmopen/vi_32/Q0j4TwGTfTJI53RcCuc1no02os6ZrattWGiazlPnicoZQ59zkS7phNdLEWUPDk8fzoxibAnXV1Sbx0trqXEsGhXPw/132',NULL,0,0,'2019-03-16 15:42:30','2019-03-16 15:42:30'),('1106823041599492098',NULL,NULL,NULL,NULL,NULL,NULL,'http://thirdwx.qlogo.cn/mmopen/vi_32/DYAIOgq83eoj0hHXhgJNOTSOFsS4uZs8x1ConecaVOB8eIl115xmJZcT4oCicvia7wMEufibKtTLqiaJeanU2Lpg3w/132',NULL,0,0,'2019-03-16 15:42:32','2019-03-16 15:42:32'),('1106823115788341250','o1R-t5l_3rnbZbn4jWwFdy6Gk6cg',NULL,NULL,'换个网名哇、',NULL,NULL,'http://thirdwx.qlogo.cn/mmopen/vi_32/jJHyeM0EN2jhB70LntI3k8fEKe7W6CwykrKMgDJM4VZqCpcxibVibX397p0vmbKURGkLS4jxjGB0GpZfxCicgt07w/132',NULL,0,0,'2019-03-16 15:42:49','2019-03-16 15:42:49'),('1106826046730227714','o1R-t5gyxumyBqt0CWcnh0S6Ya1g',NULL,NULL,'我是Helen',NULL,NULL,'http://thirdwx.qlogo.cn/mmopen/vi_32/Q0j4TwGTfTKDRfib8wy7A2ltERKh4VygxdjVC1x5OaOb1t9hot4JNt5agwaVLdJLcD9vJCNcxkvQnlvLYIPfrZw/132',NULL,0,0,'2019-03-16 15:54:28','2019-03-16 15:54:28'),('1106828185829490690','o1R-t5nNlou5lRwBVgGNJFm4rbc4',NULL,NULL,' 虎头',NULL,NULL,'http://thirdwx.qlogo.cn/mmopen/vi_32/Q0j4TwGTfTKxCqRzuYWQmpwiaqQEjNxbC7WicebicXQusU306jgmfoOzUcFg1qaDq5BStiblwBjw5dUOblQ2gUicQOQ/132',NULL,0,0,'2019-03-16 16:02:58','2019-03-16 16:02:58'),('1106830599651442689','o1R-t5hZHQB1cbX7HZJsiM727_SA',NULL,NULL,'是吴啊',NULL,NULL,'http://thirdwx.qlogo.cn/mmopen/vi_32/Q0j4TwGTfTJ9CsqApybcs7f3Dyib9IxIh0sBqJb7LicbjU4WticJFF0PVwFvHgtbFdBwfmk3H2t3NyqmEmVx17tRA/132',NULL,0,0,'2019-03-16 16:12:34','2019-03-16 16:12:34'),('1106830976199278593','o1R-t5meKOoyEJ3-IhWRCBKFcvzU',NULL,NULL,'我才是Helen',NULL,NULL,'http://thirdwx.qlogo.cn/mmopen/vi_32/DYAIOgq83epMicP9UT6mVjYWdno0OJZkOXiajG0sllJTbGJ9DYiceej2XvbDSGCK8LCF7jv1PuG2uoYlePWic9XO8A/132',NULL,0,0,'2019-03-16 16:14:03','2019-03-16 16:14:03'),('1106831936900415490','o1R-t5jXYSWakGtnUBnKbfVT5Iok',NULL,NULL,'文若姬',NULL,NULL,'http://thirdwx.qlogo.cn/mmopen/vi_32/3HEmJwpSzguqqAyzmBwqT6aicIanswZibEOicQInQJI3ZY1qmu59icJC6N7SahKqWYv24GvX5KH2fibwt0mPWcTJ3fg/132',NULL,0,0,'2019-03-16 16:17:52','2019-03-16 16:17:52'),('1106832491064442882','o1R-t5sud081Qsa2Vb2xSKgGnf_g',NULL,NULL,'Peanut',NULL,NULL,'http://thirdwx.qlogo.cn/mmopen/vi_32/DYAIOgq83eoj0hHXhgJNOTSOFsS4uZs8x1ConecaVOB8eIl115xmJZcT4oCicvia7wMEufibKtTLqiaJeanU2Lpg3w/132',NULL,0,0,'2019-03-16 16:20:04','2019-03-16 16:20:04'),('1106833021442510849','o1R-t5lsGc3I8P5bDpHj7m_AIRvQ',NULL,NULL,'食物链终结者',NULL,NULL,'http://thirdwx.qlogo.cn/mmopen/vi_32/MQ7qUmCprK9am16M1Ia1Cs3RK0qiarRrl9y8gsssBjIZeS2GwKSrnq7ZYhmrzuzDwBxSMMAofrXeLic9IBlW4M3Q/132',NULL,0,0,'2019-03-16 16:22:11','2019-03-16 16:22:11'),('1191600824445046786',NULL,'15210078344','96e79218965eb72c92a549dd5a330112','IT妖姬',1,5,'http://thirdwx.qlogo.cn/mmopen/vi_32/DYAIOgq83eoj0hHXhgJNOTSOFsS4uZs8x1ConecaVOB8eIl115xmJZcT4oCicvia7wMEufibKtTLqiaJeanU2Lpg3w/132',NULL,0,0,'2019-11-05 14:19:10','2019-11-08 18:04:43'),('1191616288114163713',NULL,'17866603606','96e79218965eb72c92a549dd5a330112','xiaowu',NULL,NULL,'http://thirdwx.qlogo.cn/mmopen/vi_32/DYAIOgq83eoj0hHXhgJNOTSOFsS4uZs8x1ConecaVOB8eIl115xmJZcT4oCicvia7wMEufibKtTLqiaJeanU2Lpg3w/132',NULL,0,0,'2019-11-05 15:20:37','2019-11-05 15:20:37'),('1195187659054329857',NULL,'15010546384','96e79218965eb72c92a549dd5a330112','qy',NULL,NULL,'http://thirdwx.qlogo.cn/mmopen/vi_32/DYAIOgq83eoj0hHXhgJNOTSOFsS4uZs8x1ConecaVOB8eIl115xmJZcT4oCicvia7wMEufibKtTLqiaJeanU2Lpg3w/132',NULL,0,0,'2019-11-15 11:51:58','2019-11-15 11:51:58'),('1741029475258220545','','19941918997','81dc9bdb52d04dc20036dbd8313ed055','',1,28,'https://guli-file-190513.oss-cn-beijing.aliyuncs.com/avatar/default.jpg','',0,1,'2023-12-30 17:32:28','2023-12-30 17:32:28'),('1741069858289754113',NULL,'18913212404','81dc9bdb52d04dc20036dbd8313ed055','test',NULL,NULL,'https://guli-file-190513.oss-cn-beijing.aliyuncs.com/avatar/default.jpg',NULL,0,0,'2023-12-30 20:12:56','2023-12-30 20:12:56'),('1741115981247344642','o3_SC5xoacxNP2jV7LdvY9Pv2gjM','',NULL,'?忘了',NULL,NULL,'https://thirdwx.qlogo.cn/mmopen/vi_32/8llEBrd21bB0BTSr4QYAr0HH4uEwlneT2O4ktEUSSBQTjg1Ck7ic0jhHiaiaHFNlwsaVzxLI1NNIabMVwGp3trgpg/132',NULL,0,0,'2023-12-30 23:16:13','2023-12-30 23:16:13');
/*!40000 ALTER TABLE `ucenter_member` ENABLE KEYS */;
UNLOCK TABLES;

--
-- Current Database: `guli_edu`
--

CREATE DATABASE /*!32312 IF NOT EXISTS*/ `guli_edu` /*!40100 DEFAULT CHARACTER SET utf8mb4 */;

USE `guli_edu`;

--
-- Table structure for table `edu_chapter`
--

DROP TABLE IF EXISTS `edu_chapter`;
/*!40101 SET @saved_cs_client     = @@character_set_client */;
/*!40101 SET character_set_client = utf8 */;
CREATE TABLE `edu_chapter` (
  `id` char(19) NOT NULL COMMENT '章节ID',
  `course_id` char(19) NOT NULL COMMENT '课程ID',
  `title` varchar(50) NOT NULL COMMENT '章节名称',
  `sort` int(10) unsigned NOT NULL DEFAULT '0' COMMENT '显示排序',
  `gmt_create` datetime NOT NULL COMMENT '创建时间',
  `gmt_modified` datetime NOT NULL COMMENT '更新时间',
  `is_deleted` tinyint(1) unsigned NOT NULL DEFAULT '0' COMMENT '逻辑删除 1（true）已删除， 0（false）未删除',
  PRIMARY KEY (`id`),
  KEY `idx_course_id` (`course_id`)
) ENGINE=InnoDB DEFAULT CHARSET=utf8mb4 ROW_FORMAT=COMPACT COMMENT='课程';
/*!40101 SET character_set_client = @saved_cs_client */;

--
-- Dumping data for table `edu_chapter`
--

LOCK TABLES `edu_chapter` WRITE;
/*!40000 ALTER TABLE `edu_chapter` DISABLE KEYS */;
INSERT INTO `edu_chapter` VALUES ('1','14','第一章：HTML',0,'2019-01-01 12:27:40','2019-01-01 12:55:30',0),('1181729226915577857','18','第七章：I/O流',70,'2019-10-09 08:32:58','2019-10-09 08:33:20',0),('1192252428399751169','1192252213659774977','第一章节',0,'2019-11-07 09:28:25','2019-11-07 09:28:25',0),('15','18','第一章：Java入门',0,'2019-01-01 12:27:40','2019-10-09 09:13:19',0),('1740032453470343169','1740032453470343169','222',0,'2023-12-27 23:30:40','2023-12-27 23:33:19',0),('3','14','第二章：CSS',0,'2019-01-01 12:55:35','2019-01-01 12:27:40',0),('32','18','第二章：控制台输入和输出',0,'2019-01-01 12:27:40','2019-01-01 12:27:40',0),('44','18','第三章：控制流',0,'2019-01-01 12:27:40','2019-01-01 12:27:40',0),('48','18','第四章：类的定义',0,'2019-01-01 12:27:40','2019-01-01 12:27:40',0),('63','18','第五章：数组',0,'2019-01-01 12:27:40','2019-01-01 12:27:40',0),('64','18','第六章：继承',61,'2019-01-01 12:27:40','2019-10-09 08:32:47',0);
/*!40000 ALTER TABLE `edu_chapter` ENABLE KEYS */;
UNLOCK TABLES;

--
-- Table structure for table `edu_comment`
--

DROP TABLE IF EXISTS `edu_comment`;
/*!40101 SET @saved_cs_client     = @@character_set_client */;
/*!40101 SET character_set_client = utf8 */;
CREATE TABLE `edu_comment` (
  `id` char(19) NOT NULL COMMENT '讲师ID',
  `course_id` varchar(19) NOT NULL DEFAULT '' COMMENT '课程id',
  `teacher_id` char(19) NOT NULL DEFAULT '' COMMENT '讲师id',
  `member_id` varchar(19) NOT NULL DEFAULT '' COMMENT '会员id',
  `nickname` varchar(50) DEFAULT NULL COMMENT '会员昵称',
  `avatar` varchar(255) DEFAULT NULL COMMENT '会员头像',
  `content` varchar(500) DEFAULT NULL COMMENT '评论内容',
  `is_deleted` tinyint(1) unsigned NOT NULL DEFAULT '0' COMMENT '逻辑删除 1（true）已删除， 0（false）未删除',
  `gmt_create` datetime NOT NULL COMMENT '创建时间',
  `gmt_modified` datetime NOT NULL COMMENT '更新时间',
  PRIMARY KEY (`id`),
  KEY `idx_course_id` (`course_id`),
  KEY `idx_teacher_id` (`teacher_id`),
  KEY `idx_member_id` (`member_id`)
) ENGINE=InnoDB DEFAULT CHARSET=utf8mb4 COMMENT='评论';
/*!40101 SET character_set_client = @saved_cs_client */;

--
-- Dumping data for table `edu_comment`
--

LOCK TABLES `edu_comment` WRITE;
/*!40000 ALTER TABLE `edu_comment` DISABLE KEYS */;
INSERT INTO `edu_comment` VALUES ('1194499162790211585','1192252213659774977','1189389726308478977','1','小三123','http://thirdwx.qlogo.cn/mmopen/vi_32/DYAIOgq83eoj0hHXhgJNOTSOFsS4uZs8x1ConecaVOB8eIl115xmJZcT4oCicvia7wMEufibKtTLqiaJeanU2Lpg3w/132','课程很好',0,'2019-11-13 14:16:08','2019-11-13 14:16:08'),('1194898406466420738','1192252213659774977','1189389726308478977','1','小三123','http://thirdwx.qlogo.cn/mmopen/vi_32/DYAIOgq83eoj0hHXhgJNOTSOFsS4uZs8x1ConecaVOB8eIl115xmJZcT4oCicvia7wMEufibKtTLqiaJeanU2Lpg3w/132','11',0,'2019-11-14 16:42:35','2019-11-14 16:42:35'),('1194898484388200450','1192252213659774977','1189389726308478977','1','小三123','http://thirdwx.qlogo.cn/mmopen/vi_32/DYAIOgq83eoj0hHXhgJNOTSOFsS4uZs8x1ConecaVOB8eIl115xmJZcT4oCicvia7wMEufibKtTLqiaJeanU2Lpg3w/132','111',0,'2019-11-14 16:42:53','2019-11-14 16:42:53'),('1195251020861317122','1192252213659774977','1189389726308478977','1',NULL,NULL,'2233',0,'2019-11-15 16:03:45','2019-11-15 16:03:45'),('1195251382720700418','1192252213659774977','1189389726308478977','1',NULL,NULL,'4455',0,'2019-11-15 16:05:11','2019-11-15 16:05:11'),('1195252819177570306','1192252213659774977','1189389726308478977','1','小三1231','http://thirdwx.qlogo.cn/mmopen/vi_32/DYAIOgq83eoj0hHXhgJNOTSOFsS4uZs8x1ConecaVOB8eIl115xmJZcT4oCicvia7wMEufibKtTLqiaJeanU2Lpg3w/132','55',0,'2019-11-15 16:10:53','2019-11-15 16:10:53'),('1195252899448160258','1192252213659774977','1189389726308478977','1','小三1231','http://thirdwx.qlogo.cn/mmopen/vi_32/DYAIOgq83eoj0hHXhgJNOTSOFsS4uZs8x1ConecaVOB8eIl115xmJZcT4oCicvia7wMEufibKtTLqiaJeanU2Lpg3w/132','55',0,'2019-11-15 16:11:13','2019-11-15 16:11:13'),('1195252920587452417','1192252213659774977','1189389726308478977','1','小三1231','http://thirdwx.qlogo.cn/mmopen/vi_32/DYAIOgq83eoj0hHXhgJNOTSOFsS4uZs8x1ConecaVOB8eIl115xmJZcT4oCicvia7wMEufibKtTLqiaJeanU2Lpg3w/132','223344',0,'2019-11-15 16:11:18','2019-11-15 16:11:18'),('1195262128095559681','14','1189389726308478977','1','小三1231','http://thirdwx.qlogo.cn/mmopen/vi_32/DYAIOgq83eoj0hHXhgJNOTSOFsS4uZs8x1ConecaVOB8eIl115xmJZcT4oCicvia7wMEufibKtTLqiaJeanU2Lpg3w/132','11',0,'2019-11-15 16:47:53','2019-11-15 16:47:53'),('1196264505170767874','1192252213659774977','1189389726308478977','1','小三1231','http://thirdwx.qlogo.cn/mmopen/vi_32/DYAIOgq83eoj0hHXhgJNOTSOFsS4uZs8x1ConecaVOB8eIl115xmJZcT4oCicvia7wMEufibKtTLqiaJeanU2Lpg3w/132','666666',0,'2019-11-18 11:10:58','2019-11-18 11:10:58'),('1741397387554951169','18','1189389726308478977','',NULL,NULL,'test',0,'2023-12-31 17:54:25','2023-12-31 17:54:25'),('1741397687124725762','18','1189389726308478977','',NULL,NULL,'222',0,'2023-12-31 17:55:37','2023-12-31 17:55:37'),('1741407333038190594','18','1189389726308478977','','?忘了','https://thirdwx.qlogo.cn/mmopen/vi_32/8llEBrd21bB0BTSr4QYAr0HH4uEwlneT2O4ktEUSSBQTjg1Ck7ic0jhHiaiaHFNlwsaVzxLI1NNIabMVwGp3trgpg/132','333',0,'2023-12-31 18:33:57','2023-12-31 18:33:57'),('1741408208909516801','18','1189389726308478977','','?忘了','https://thirdwx.qlogo.cn/mmopen/vi_32/8llEBrd21bB0BTSr4QYAr0HH4uEwlneT2O4ktEUSSBQTjg1Ck7ic0jhHiaiaHFNlwsaVzxLI1NNIabMVwGp3trgpg/132','444',0,'2023-12-31 18:37:25','2023-12-31 18:37:25'),('1741417101668675586','18','1189389726308478977','','?忘了','https://thirdwx.qlogo.cn/mmopen/vi_32/8llEBrd21bB0BTSr4QYAr0HH4uEwlneT2O4ktEUSSBQTjg1Ck7ic0jhHiaiaHFNlwsaVzxLI1NNIabMVwGp3trgpg/132','555',0,'2023-12-31 19:12:46','2023-12-31 19:12:46');
/*!40000 ALTER TABLE `edu_comment` ENABLE KEYS */;
UNLOCK TABLES;

--
-- Table structure for table `edu_course`
--

DROP TABLE IF EXISTS `edu_course`;
/*!40101 SET @saved_cs_client     = @@character_set_client */;
/*!40101 SET character_set_client = utf8 */;
CREATE TABLE `edu_course` (
  `id` char(19) NOT NULL COMMENT '课程ID',
  `teacher_id` char(19) NOT NULL COMMENT '课程讲师ID',
  `subject_id` char(19) NOT NULL COMMENT '课程专业ID',
  `subject_parent_id` char(19) NOT NULL COMMENT '课程专业父级ID',
  `title` varchar(50) NOT NULL COMMENT '课程标题',
  `price` decimal(10,2) unsigned NOT NULL DEFAULT '0.00' COMMENT '课程销售价格，设置为0则可免费观看',
  `lesson_num` int(10) unsigned NOT NULL DEFAULT '0' COMMENT '总课时',
  `cover` varchar(255) CHARACTER SET utf8 NOT NULL COMMENT '课程封面图片路径',
  `buy_count` bigint(10) unsigned NOT NULL DEFAULT '0' COMMENT '销售数量',
  `view_count` bigint(10) unsigned NOT NULL DEFAULT '0' COMMENT '浏览数量',
  `version` bigint(20) unsigned NOT NULL DEFAULT '1' COMMENT '乐观锁',
  `status` varchar(10) NOT NULL DEFAULT 'Draft' COMMENT '课程状态 Draft未发布  Normal已发布',
  `is_deleted` tinyint(3) DEFAULT NULL COMMENT '逻辑删除 1（true）已删除， 0（false）未删除',
  `gmt_create` datetime NOT NULL COMMENT '创建时间',
  `gmt_modified` datetime NOT NULL COMMENT '更新时间',
  PRIMARY KEY (`id`),
  KEY `idx_title` (`title`),
  KEY `idx_subject_id` (`subject_id`),
  KEY `idx_teacher_id` (`teacher_id`)
) ENGINE=InnoDB DEFAULT CHARSET=utf8mb4 ROW_FORMAT=COMPACT COMMENT='课程';
/*!40101 SET character_set_client = @saved_cs_client */;

--
-- Dumping data for table `edu_course`
--

LOCK TABLES `edu_course` WRITE;
/*!40000 ALTER TABLE `edu_course` DISABLE KEYS */;
INSERT INTO `edu_course` VALUES ('1192252213659774977','1189389726308478977','1178214681139539969','1178214681118568449','java基础课程：test',0.01,3,'https://guli-edu-vectorx.oss-cn-shanghai.aliyuncs.com/course/1442295570359.jpg',4,390,1,'Normal',0,'2019-11-07 09:27:33','2024-01-04 11:47:50'),('14','1189389726308478977','1101348944971091969','1101348944920760321','XHTML CSS2 JS整站制作教程课程学习',0.00,3,'https://guli-edu-vectorx.oss-cn-shanghai.aliyuncs.com/course/1442295527931.jpg',3,49,15,'Normal',0,'2018-04-02 18:33:34','2024-01-02 12:34:56'),('15','1189389726308478977','1101348944971091969','1101348944920760321','HTML5入门课程学习',100.00,23,'https://guli-edu-vectorx.oss-cn-shanghai.aliyuncs.com/course/1442295556203.jpg',0,54,17,'Normal',0,'2018-04-02 18:34:32','2023-12-31 19:10:53'),('1739656743568379905','string','string','test','string',0.00,0,'1442295379715',0,0,1,'Draft',1,'2023-12-26 22:37:44','2023-12-26 22:37:44'),('1739986797477277698','1','1178214681584136193','1178214681554776066','机器学习',1000000.00,100,'https://guli-edu-vectorx.oss-cn-shanghai.aliyuncs.com/course/1442295455437.jpg',0,9,1,'Draft',0,'2023-12-27 20:29:15','2023-12-31 19:11:59'),('1739994345328652289','1189389726308478977','1178214681584136193','1178214681554776066','二向箔多维展开课题研究',9999.00,999,'https://guli-edu-vectorx.oss-cn-shanghai.aliyuncs.com/course/1442295506745.jpg',0,6,1,'Normal',0,'2023-12-27 20:59:14','2023-12-31 17:35:55'),('18','1189389726308478977','1178214681139539969','1178214681118568449','Java精品课程',0.01,20,'https://guli-edu-vectorx.oss-cn-shanghai.aliyuncs.com/course/1442295581911.jpg',151,860,6,'Normal',0,'2018-04-02 21:28:46','2024-01-02 14:44:16');
/*!40000 ALTER TABLE `edu_course` ENABLE KEYS */;
UNLOCK TABLES;

--
-- Table structure for table `edu_course_description`
--

DROP TABLE IF EXISTS `edu_course_description`;
/*!40101 SET @saved_cs_client     = @@character_set_client */;
/*!40101 SET character_set_client = utf8 */;
CREATE TABLE `edu_course_description` (
  `id` char(19) NOT NULL COMMENT '课程ID',
  `description` text COMMENT '课程简介',
  `gmt_create` datetime NOT NULL COMMENT '创建时间',
  `gmt_modified` datetime NOT NULL COMMENT '更新时间',
  `is_deleted` tinyint(1) unsigned NOT NULL DEFAULT '0' COMMENT '逻辑删除 1（true）已删除， 0（false）未删除',
  PRIMARY KEY (`id`)
) ENGINE=InnoDB DEFAULT CHARSET=utf8mb4 COMMENT='课程简介';
/*!40101 SET character_set_client = @saved_cs_client */;

--
-- Dumping data for table `edu_course_description`
--

LOCK TABLES `edu_course_description` WRITE;
/*!40000 ALTER TABLE `edu_course_description` DISABLE KEYS */;
INSERT INTO `edu_course_description` VALUES ('1104870479077879809','<p>11</p>','2019-03-11 06:23:44','2019-03-11 06:23:44',0),('1192252213659774977','<p>测试</p>','2019-11-07 09:27:33','2024-01-04 11:47:50',0),('15','','2019-03-13 06:03:33','2019-03-13 06:04:22',0),('1739656743568379905','string','2023-12-26 22:37:44','2023-12-26 22:37:44',0),('1739986797477277698','<p><img src=\"https://pic1.zhimg.com/80/v2-84bfff0a8fcd7204b61b2bb4579419a0_1440w.webp\" alt=\"\" width=\"950\" height=\"540\" /></p>\n<p data-pid=\"kf3A2ksb\">在谷歌搜索中输入&ldquo;什么是机器学习？&rdquo;打开了一个潘多拉的论坛，学术研究和这里说的 - 本文的目的是简化机器学习的定义和理解，这要归功于我们的机器学习研究小组。</p>\n<p data-pid=\"I4HBp01b\">除了机器学习（ML）的知情，工作定义之外，我们还旨在简要概述机器学习的基本原理，让机器&ldquo;思考&rdquo;的挑战和局限性，以及今天深入解决的一些问题学习（机器学习的&ldquo;前沿&rdquo;），以及开发机器学习应用程序的关键要点。</p>\n<p data-pid=\"5z6oygYJ\">我们将这个资源放在一起，以帮助您解决有关机器学习的任何好奇心 - 所以滚动到您感兴趣的部分，或者随意阅读文章，从下面的机器学习定义开始：</p>\n<h3><strong>什么是机器学习？</strong></h3>\n<blockquote data-pid=\"cD11QU3F\">&ldquo;机器学习是让计算机像人类一样学习和行动的科学，通过以观察和现实世界互动的形式向他们提供数据和信息，以自主的方式改善他们的学习。&rdquo;</blockquote>\n<p data-pid=\"epeoOGA4\">上述定义包含了机器学习的理想目标或最终目标，正如该领域的许多研究人员所表达的那样。本文的目的是为具有商业头脑的读者提供有关如何定义机器学习及其工作原理的专家观点。 机器学习和人工智能在许多人的脑海中具有相同的定义，但读者也应该认识到一些明显的差异。本文末尾包含参考文献和相关研究人员的访谈，以便进一步挖掘。</p>\n<p data-pid=\"epeoOGA4\"><img src=\"https://pic1.zhimg.com/80/v2-b906b6c021be049443399e88ce2f81f8_1440w.webp\" /></p>\n<h3><strong>我们如何到达我们的定义：</strong></h3>\n<p data-pid=\"vdIw2Wlg\">（我们的聚合机器学习定义可以在本文开头找到）</p>\n<p data-pid=\"BTEBOhYP\">与任何概念一样，机器学习的定义可能略有不同，具体取决于您的要求。我们梳理互联网，从信誉良好的资源中找到五个实用的定义：</p>\n<ol>\n<li data-pid=\"6LaIlE3W\">&ldquo;最基本的机器学习是使用算法解析数据，从中学习，然后对世界上某事做出决定或预测的做法。&rdquo; - Nvidia</li>\n<li data-pid=\"hnG9rQA4\">&ldquo;机器学习是让计算机在没有明确编程的情况下采取行动的科学。&rdquo; - 斯坦福</li>\n<li data-pid=\"NA7CvZUP\">&ldquo;机器学习基于可以从数据中学习而不依赖于基于规则的编程的算法。&rdquo; - 麦肯锡公司</li>\n<li data-pid=\"YmDN084f\">&ldquo;机器学习算法可以通过推广实例来弄清楚如何执行重要任务。&rdquo; - 华盛顿大学</li>\n<li data-pid=\"EVxMFioM\">&ldquo;机器学习领域旨在回答这样一个问题：&rdquo;我们如何建立能够根据经验自动改进的计算机系统，以及管理所有学习过程的基本法则是什么？&ldquo; - 卡内基梅隆大学</li>\n</ol>\n<p data-pid=\"aJieq_5l\">我们将这些定义发送给我们采访过和/或包含在我们之前的研究共识中的专家，并要求他们回答他们最喜欢的定义或提供他们自己的定义。我们的介绍性定义旨在反映不同的反应。以下是他们的一些回复：</p>\n<p data-pid=\"HbVkswT1\"><strong>蒙特利尔大学Yoshua Bengio博士：</strong></p>\n<p data-pid=\"KAT7Hpkg\">ML不应由否定定义（因此裁定2和3）。这是我的定义：</p>\n<p data-pid=\"yOakDDQu\">机器学习研究是人工智能研究的一部分，旨在通过数据，观察和与世界的互动为计算机提供知识。获得的知识允许计算机正确地推广到新设置。</p>\n<p data-pid=\"1fYlqTsO\"><strong>Danko Nikolic博士，CSC和Max-Planck研究所：</strong></p>\n<p data-pid=\"mPksQ2b_\">（编辑上面的数字2）：&ldquo;机器学习是让计算机在没有明确编程的情况下采取行动的科学，而是让他们自己学习一些技巧。&rdquo;</p>\n<p data-pid=\"38Xi_-IN\"><strong>路易斯维尔大学Roman Yampolskiy博士：</strong></p>\n<p data-pid=\"N6fXXAdQ\">机器学习是让计算机学习和人类做得更好或更好的科学。</p>\n<p data-pid=\"uEpInjTv\"><strong>华盛顿大学Emily Fox博士：</strong></p>\n<p data-pid=\"0To4uqt3\">我最喜欢的定义是5</p>\n<h3><strong>机器学习基本概念</strong></h3>\n<p data-pid=\"j6DcMJma\">有许多不同类型的机器学习算法，每天发布数百种，并且它们通常按<strong>学习风格</strong>（即监督学习，无监督学习，半监督学习）或通过<strong>形式或功能</strong>的<strong>相似性</strong>（即分类，回归，决策树，聚类，深度学习等）。无论学习风格或功能如何，机器学习算法的所有组合都包含以下内容：</p>\n<ul>\n<li data-pid=\"IXr0QOqt\"><strong>表示</strong>（一组分类器或计算机理解的语言）</li>\n<li data-pid=\"DHf8Q1xH\"><strong>评估</strong>（又名客观/评分功能）</li>\n<li data-pid=\"o5YfCmwi\"><strong>优化</strong>（搜索方法;通常是评分最高的分类器;使用现成的和自定义的优化方法）</li>\n</ul>\n<figure data-size=\"normal\">\n<div><img class=\"origin_image zh-lightbox-thumb lazy\" src=\"https://pic4.zhimg.com/80/v2-a7c2bdb282f7702aecca042232657107_1440w.webp\" width=\"1016\" height=\"530\" data-caption=\"\" data-size=\"normal\" data-rawwidth=\"1016\" data-rawheight=\"530\" data-original=\"https://pic4.zhimg.com/v2-a7c2bdb282f7702aecca042232657107_r.jpg\" data-actualsrc=\"https://pic4.zhimg.com/v2-a7c2bdb282f7702aecca042232657107_b.jpg\" data-original-token=\"v2-a7c2bdb282f7702aecca042232657107\" data-lazy-status=\"ok\" /></div>\n</figure>\n<p data-pid=\"ffmMFQx-\">机器学习算法的基本目标是&nbsp;<strong>概括</strong>超出训练样本，即成功解释之前从未&ldquo;见过&rdquo;的数据。</p>\n<h3><strong>机器学习模型的可视化表示</strong></h3>\n<p data-pid=\"7_0JAxSt\">到目前为止，概念和要点只能用于理解。当人们问&ldquo;什么是机器学习？&rdquo;时，他们经常想<em>看看</em>它是什么以及它做了什么。以下是机器学习模型的一些可视化表示，以及附带的链接以获取更多信息。</p>\n<p data-pid=\"6Dr0P4HQ\"><strong>决策树模型：</strong></p>\n<figure data-size=\"normal\">\n<div>\n<div class=\"GifPlayer css-1isopsn\" data-size=\"normal\" data-za-detail-view-path-module=\"GifItem\"><img class=\"ztext-gif\" role=\"presentation\" src=\"https://pic2.zhimg.com/v2-2000c0c87a1362c192f1b58d89f5f909_b.jpg\" alt=\"动图封面\" width=\"1280\" data-thumbnail=\"https://pic2.zhimg.com/v2-2000c0c87a1362c192f1b58d89f5f909_b.jpg\" data-size=\"normal\" />\n<div class=\"GifPlayer-icon css-d39tw7\">&nbsp;</div>\n</div>\n</div>\n</figure>\n<p data-pid=\"UkXCu1gW\"><strong>高斯混合模型：</strong></p>\n<figure data-size=\"normal\">\n<div>\n<div class=\"GifPlayer css-1isopsn\" data-size=\"normal\" data-za-detail-view-path-module=\"GifItem\"><img class=\"ztext-gif\" role=\"presentation\" src=\"https://pic2.zhimg.com/v2-4318dc4af8a4ffbe3ad38aec40a83ca9_b.jpg\" alt=\"动图封面\" width=\"560\" data-thumbnail=\"https://pic2.zhimg.com/v2-4318dc4af8a4ffbe3ad38aec40a83ca9_b.jpg\" data-size=\"normal\" />\n<div class=\"GifPlayer-icon css-d39tw7\">&nbsp;</div>\n</div>\n</div>\n</figure>\n<p data-pid=\"Dt0vQPZW\"><strong>神经网络：</strong></p>\n<figure data-size=\"normal\">\n<div>\n<div class=\"GifPlayer css-1isopsn\" data-size=\"normal\" data-za-detail-view-path-module=\"GifItem\"><img class=\"ztext-gif\" role=\"presentation\" src=\"https://pic2.zhimg.com/v2-bd7a10b5372c8bee98df99406a7d4505_b.jpg\" alt=\"动图封面\" width=\"936\" data-thumbnail=\"https://pic2.zhimg.com/v2-bd7a10b5372c8bee98df99406a7d4505_b.jpg\" data-size=\"normal\" />\n<div class=\"GifPlayer-icon css-d39tw7\">&nbsp;</div>\n</div>\n</div>\n</figure>\n<p data-pid=\"ByUk4u_D\"><strong>使用卷积神经网络合并色度和亮度：</strong></p>\n<figure data-size=\"normal\">\n<div>\n<div class=\"GifPlayer css-1isopsn\" data-size=\"normal\" data-za-detail-view-path-module=\"GifItem\"><img class=\"ztext-gif GifPlayer-gif2mp4Image\" role=\"presentation\" src=\"https://pic4.zhimg.com/v2-4acc3094e057f840fba025d515ea0397_b.jpg\" alt=\"动图封面\" width=\"600\" data-thumbnail=\"https://pic4.zhimg.com/v2-4acc3094e057f840fba025d515ea0397_b.jpg\" data-size=\"normal\" />\n<div class=\"GifPlayer-icon css-d39tw7\">&nbsp;</div>\n</div>\n</div>\n</figure>\n<h3><strong>我们如何让机器去学习？</strong></h3>\n<p data-pid=\"FRVuzoKS\">有许多不同的方法让机器学习，从使用基本决策树到聚类到人工神经网络层（后者已经让位于深度学习），取决于你要完成的任务和类型以及您可用的数据量。这种动态在各种应用中发挥作用，如医疗诊断或自动驾驶<a class=\" wrap external\" href=\"https://link.zhihu.com/?target=https%3A//emerj.com/ai-glossary-terms/what-is-artificial-intelligence-an-informed-definition/\" target=\"_blank\" rel=\"nofollow noopener noreferrer\" data-za-detail-view-id=\"1043\">汽车</a>。</p>\n<p data-pid=\"UNmESNi5\">虽然重点通常放在选择最佳学习算法上，但研究人员发现，一些最有趣的问题都源于可用的机器学习算法。大多数情况下，这是训练数据的问题，但在新域中使用机器学习时也会出现这种情况。</p>\n<p data-pid=\"L6W_we3b\">在处理实际应用程序时所做的研究通常会推动该领域的进展，原因有两个：1。发现现有方法的界限和局限性的趋势2.研究人员和开发人员与领域专家合作，利用时间和专业知识来提高系统性能。</p>\n<p data-pid=\"uc1RjaQj\">有时这也是由&ldquo;意外&rdquo;发生的。我们可能会考虑模型集合或许多学习算法的组合来提高准确性，这是一个例子。竞争2009 Netflix Price的团队发现，当他们将学习者与其他团队的学习者结合起来时，他们取得了最好的成绩，从而改进了推荐算法（请阅读<a class=\" wrap external\" href=\"https://link.zhihu.com/?target=http%3A//techblog.netflix.com/2012/04/netflix-recommendations-beyond-5-stars.html\" target=\"_blank\" rel=\"nofollow noopener noreferrer\" data-za-detail-view-id=\"1043\">Netflix的博客</a>，了解他们最终未使用此合奏的原因）。</p>\n<p data-pid=\"me0zVMe8\">在业务和其他领域的应用方面，一个重要的观点（基于对该领域专家的访谈和对话）是机器学习不仅仅是，甚至是自动化，这是一个经常被误解的概念。如果你这样想，你一定会错过机器可以提供的宝贵见解和由此产生的机会（重新思考整个商业模式，例如制造业和农业等行业）。</p>\n<p data-pid=\"tqK3xO5d\">学习的机器对人类有用，因为它们具有所有处理能力，能够更快地突出显示或找到人类可能错过的大（或其他）数据中的模式。机器学习是一种工具，可用于增强人类解决问题的能力，并从广泛的问题中做出明智的推断，从帮助诊断疾病到提出全球气候变化的解决方案。</p>\n<h3><strong>挑战与局限</strong></h3>\n<p data-pid=\"FM171HHX\"><em>&ldquo;机器学习无法从无到有......它的作用是从更少的东西中获得更多。&rdquo;</em>&nbsp;- 华盛顿大学Pedro Domingo博士</p>\n<p data-pid=\"F2-K95Pl\">机器学习中两个最大的，历史性的（和持续的）问题涉及过度拟合（其中模型表现出对训练数据的偏见，并且不会推广到新数据，和/或变化，即在训练新数据时学习随机事物）和维度（具有更多特征的算法在更高/更多维度上工作，使得理解数据更加困难）。在某些情况下，访问足够大的数据集也是主要问题。</p>\n<figure data-size=\"normal\">\n<div><img class=\"origin_image zh-lightbox-thumb lazy\" src=\"https://pic3.zhimg.com/80/v2-ff90f601bbc1ba214534fe3259f7955e_1440w.webp\" width=\"720\" height=\"540\" data-caption=\"\" data-size=\"normal\" data-rawwidth=\"720\" data-rawheight=\"540\" data-original=\"https://pic3.zhimg.com/v2-ff90f601bbc1ba214534fe3259f7955e_r.jpg\" data-actualsrc=\"https://pic3.zhimg.com/v2-ff90f601bbc1ba214534fe3259f7955e_b.jpg\" data-original-token=\"v2-ff90f601bbc1ba214534fe3259f7955e\" data-lazy-status=\"ok\" /></div>\n</figure>\n<p data-pid=\"qKGJm3Nr\">机器学习初学者中最常见的错误之一是成功地测试训练数据并具有成功的假象; Domingo（和其他人）强调在测试模型时保持一些数据集是分开的重要性，并且仅使用该保留数据来测试所选模型，然后学习整个数据集。</p>\n<p data-pid=\"vbrkydhH\">当学习算法（即学习者）不起作用时，通常更快的成功之路是为机器提供更多数据，其可用性现已成为近期机器和深度学习算法进步的主要驱动因素。年份; 然而，这可能导致可扩展性问题，我们有更多的数据，但有时间了解数据仍然是一个问题。</p>\n<p data-pid=\"P5d6Df-9\">就目的而言，机器学习本身并不是目的或解决方案。此外，尝试将其用作一揽子解决方案即&ldquo;BLANK&rdquo;并不是一项有用的练习; 相反，带着问题或目标来到桌面通常最好由一个更具体的问题驱动 - &ldquo;BLANK&rdquo;。</p>\n<h3><strong>深度学习与神经网络的现代发展</strong></h3>\n<p data-pid=\"5H29vG3I\">深度学习涉及机器算法的研究和设计，用于在多个抽象级别（安排计算机系统的方式）学习数据的良好表示。最近通过DeepMind，Facebook和其他机构进行深度学习的宣传突显了它作为机器学习的&ldquo;下一个前沿&rdquo;。</p>\n<p data-pid=\"RZw542Pz\">该机器学习国际会议（ICML）被广泛认为是世界上最重要的项目之一。今年6月在纽约市举行，汇集了来自世界各地的研究人员，他们致力于解决当前深度学习中的挑战：</p>\n<ol>\n<li data-pid=\"so5ukf_p\">小数据集中的无监督学习</li>\n<li data-pid=\"tI3YcLOy\">基于模拟的学习和对现实世界的可转移性</li>\n</ol>\n<p data-pid=\"hpFE6_KU\">深度学习系统在过去十年中在诸如对象检测和识别，文本到语音，信息检索等领域取得了巨大的进步。研究现在专注于开发&nbsp;<em>数据高效的机器学习，</em>即深度学习系统，可以在更少的时间和更少的数据中以更高的效率学习，在个性化医疗保健，机器人强化学习，情感分析等前沿领域，其他。</p>\n<h3>应用机器学习的关键要点</h3>\n<p data-pid=\"j7u-Iuz5\">下面是一系列应用机器学习的最佳实践和概念，我们已经从我们对播客系列的采访以及本文末尾引用的选择来源进行了整理。我们希望这些原则中的一些将阐明如何使用ML，以及如何避免公司和研究人员在启动ML相关项目时可能容易受到的一些常见陷阱。</p>\n<ul>\n<li data-pid=\"U9aVumNW\">可以说，在成功的机器学习项目中最重要的因素是<em>功能</em>用来描述数据（这是特定于域），并具有足够的数据来训练你的模型摆在首位</li>\n<li data-pid=\"Heb5JDke\">大多数情况下，当算法表现不佳时，这是由于训练数据存在问题（即数据量不足/数据偏差;数据噪声较大;或者描述数据的功能不足以做出决策</li>\n<li data-pid=\"qzwepVp3\">&ldquo;简单并不意味着准确性&rdquo; - 根据多明戈的说法，模型的参数数量和过度倾向之间没有给定的联系</li>\n<li data-pid=\"KM1pPZ4k\">如果可能的话，应该获得实验数据（而不是我们无法控制的观察数据）（例如，从发送电子邮件的不同变体到随机观众抽样的数据）</li>\n<li data-pid=\"se_RZbjX\">无论我们是否标记数据因果关系或相关性，更重要的是<em>预测</em>我们行为<em>的影响</em></li>\n<li data-pid=\"Gm4_NWp4\">始终留出一部分训练数据集进行交叉验证; 您希望您选择的分类器或学习算法在新数据上表现良好</li>\n</ul>','2023-12-27 20:29:15','2023-12-27 20:29:15',0),('18','<p>本套Java视频完全针对零基础学员，课堂实录，自发布以来，好评如潮！Java视频中注重与学生互动，讲授幽默诙谐、细致入微，覆盖Java基础所有核心知识点，同类Java视频中也是代码量大、案例多、实战性强的。同时，本Java视频教程注重技术原理剖析，深入JDK源码，辅以代码实战贯穿始终，用实践驱动理论，并辅以必要的代码练习。</p>\n<p>------------------------------------</p>\n<p>视频特点：</p>\n<p>通过学习本Java视频教程，大家能够真正将Java基础知识学以致用、活学活用，构架Java编程思想，牢牢掌握\"源码级\"的Javase核心技术，并为后续JavaWeb等技术的学习奠定扎实基础。<br /><br />1.通俗易懂，细致入微：每个知识点高屋建瓴，深入浅出，简洁明了的说明问题<br />2.具实战性：全程真正代码实战，涵盖上百个企业应用案例及练习<br />3.深入：源码分析，更有 Java 反射、动态代理的实际应用等<br />4.登录尚硅谷官网，技术讲师免费在线答疑</p>','2019-03-06 18:06:36','2019-10-30 19:58:36',0);
/*!40000 ALTER TABLE `edu_course_description` ENABLE KEYS */;
UNLOCK TABLES;

--
-- Table structure for table `edu_subject`
--

DROP TABLE IF EXISTS `edu_subject`;
/*!40101 SET @saved_cs_client     = @@character_set_client */;
/*!40101 SET character_set_client = utf8 */;
CREATE TABLE `edu_subject` (
  `id` char(19) NOT NULL COMMENT '课程类别ID',
  `title` varchar(10) NOT NULL COMMENT '类别名称',
  `parent_id` char(19) NOT NULL DEFAULT '0' COMMENT '父ID',
  `sort` int(10) unsigned NOT NULL DEFAULT '0' COMMENT '排序字段',
  `gmt_create` datetime NOT NULL COMMENT '创建时间',
  `gmt_modified` datetime NOT NULL COMMENT '更新时间',
  `is_deleted` tinyint(1) unsigned NOT NULL DEFAULT '0' COMMENT '逻辑删除 1（true）已删除， 0（false）未删除',
  PRIMARY KEY (`id`),
  KEY `idx_parent_id` (`parent_id`)
) ENGINE=InnoDB DEFAULT CHARSET=utf8mb4 ROW_FORMAT=COMPACT COMMENT='课程科目';
/*!40101 SET character_set_client = @saved_cs_client */;

--
-- Dumping data for table `edu_subject`
--

LOCK TABLES `edu_subject` WRITE;
/*!40000 ALTER TABLE `edu_subject` DISABLE KEYS */;
INSERT INTO `edu_subject` VALUES ('1178214681118568449','后端开发','0',1,'2019-09-29 15:47:25','2019-09-29 15:47:25',0),('1178214681139539969','Java','1178214681118568449',1,'2019-09-29 15:47:25','2019-09-29 15:47:25',0),('1178214681181483010','前端开发','0',3,'2019-09-29 15:47:25','2019-09-29 15:47:25',0),('1178214681210843137','JavaScript','1178214681181483010',4,'2019-09-29 15:47:25','2019-09-29 15:47:25',0),('1178214681231814658','云计算','0',5,'2019-09-29 15:47:25','2019-09-29 15:47:25',0),('1178214681252786178','Docker','1178214681231814658',5,'2019-09-29 15:47:25','2019-09-29 15:47:25',0),('1178214681294729217','Linux','1178214681231814658',6,'2019-09-29 15:47:25','2019-09-29 15:47:25',0),('1178214681324089345','系统/运维','0',7,'2019-09-29 15:47:25','2019-09-29 15:47:25',0),('1178214681353449473','Linux','1178214681324089345',7,'2019-09-29 15:47:25','2019-09-29 15:47:25',0),('1178214681382809602','Windows','1178214681324089345',8,'2019-09-29 15:47:25','2019-09-29 15:47:25',0),('1178214681399586817','数据库','0',9,'2019-09-29 15:47:25','2019-09-29 15:47:25',0),('1178214681428946945','MySQL','1178214681399586817',9,'2019-09-29 15:47:25','2019-09-29 15:47:25',0),('1178214681454112770','MongoDB','1178214681399586817',10,'2019-09-29 15:47:25','2019-09-29 15:47:25',0),('1178214681483472898','大数据','0',11,'2019-09-29 15:47:25','2019-09-29 15:47:25',0),('1178214681504444418','Hadoop','1178214681483472898',11,'2019-09-29 15:47:25','2019-09-29 15:47:25',0),('1178214681529610242','Spark','1178214681483472898',12,'2019-09-29 15:47:25','2019-09-29 15:47:25',0),('1178214681554776066','人工智能','0',13,'2019-09-29 15:47:25','2019-09-29 15:47:25',0),('1178214681584136193','Python','1178214681554776066',13,'2019-09-29 15:47:25','2019-09-29 15:47:25',0),('1178214681613496321','编程语言','0',14,'2019-09-29 15:47:25','2019-09-29 15:47:25',0),('1178214681626079234','Java','1178214681613496321',14,'2019-09-29 15:47:25','2019-09-29 15:47:25',0),('1178585108407984130','Python','1178214681118568449',2,'2019-09-30 16:19:22','2019-09-30 16:19:22',0),('1178585108454121473','HTML/CSS','1178214681181483010',3,'2019-09-30 16:19:22','2019-09-30 16:19:22',0),('1739627044515377154','Vue','1178214681181483010',0,'2023-12-26 20:39:43','2023-12-26 20:39:43',0),('1739627044645400577','jquery','1178214681181483010',0,'2023-12-26 20:39:43','2023-12-26 20:39:43',0),('1739627044716703746','c++','1178214681118568449',0,'2023-12-26 20:39:43','2023-12-26 20:39:43',0),('1739627044716703747','数据库开发','0',0,'2023-12-26 20:39:43','2023-12-26 20:39:43',0),('1739627044716703748','Oracle','1739627044716703747',0,'2023-12-26 20:39:43','2023-12-26 20:39:43',0),('1739628264365780994','Node.js','1178214681181483010',0,'2023-12-26 20:44:34','2023-12-26 20:44:34',0),('1739628264437084161','TypeScript','1178214681181483010',0,'2023-12-26 20:44:34','2023-12-26 20:44:34',0),('1739628264437084162','element-ui','1178214681181483010',0,'2023-12-26 20:44:34','2023-12-26 20:44:34',0),('1739628264504193025','C#','1178214681118568449',0,'2023-12-26 20:44:34','2023-12-26 20:44:34',0),('1739628264504193026','Golang','1178214681118568449',0,'2023-12-26 20:44:34','2023-12-26 20:44:34',0),('1739628264567107585','Kingbase','1739627044716703747',0,'2023-12-26 20:44:34','2023-12-26 20:44:34',0);
/*!40000 ALTER TABLE `edu_subject` ENABLE KEYS */;
UNLOCK TABLES;

--
-- Table structure for table `edu_teacher`
--

DROP TABLE IF EXISTS `edu_teacher`;
/*!40101 SET @saved_cs_client     = @@character_set_client */;
/*!40101 SET character_set_client = utf8 */;
CREATE TABLE `edu_teacher` (
  `id` char(19) NOT NULL COMMENT '讲师ID',
  `name` varchar(20) NOT NULL COMMENT '讲师姓名',
  `intro` varchar(500) NOT NULL DEFAULT '' COMMENT '讲师简介',
  `career` varchar(500) DEFAULT NULL COMMENT '讲师资历,一句话说明讲师',
  `level` int(10) unsigned NOT NULL COMMENT '头衔 1高级讲师 2首席讲师',
  `avatar` varchar(255) DEFAULT NULL COMMENT '讲师头像',
  `sort` int(10) unsigned NOT NULL DEFAULT '0' COMMENT '排序',
  `is_deleted` tinyint(1) unsigned NOT NULL DEFAULT '0' COMMENT '逻辑删除 1（true）已删除， 0（false）未删除',
  `gmt_create` datetime NOT NULL COMMENT '创建时间',
  `gmt_modified` datetime NOT NULL COMMENT '更新时间',
  PRIMARY KEY (`id`),
  UNIQUE KEY `uk_name` (`name`)
) ENGINE=InnoDB DEFAULT CHARSET=utf8mb4 COMMENT='讲师';
/*!40101 SET character_set_client = @saved_cs_client */;

--
-- Dumping data for table `edu_teacher`
--

LOCK TABLES `edu_teacher` WRITE;
/*!40000 ALTER TABLE `edu_teacher` DISABLE KEYS */;
INSERT INTO `edu_teacher` VALUES ('1','张三','近年主持国家自然科学基金（6项）、江苏省重大科技成果转化项目（5项）、江苏省产学研前瞻性联合研究项目（3项）、省工业科技支撑、省高技术、省自然科学基金等省部级及其企业的主要科研项目40多个，多个项目在企业成功转化，产生了较好的经济、社会和环境效益。积极开展产学研科技合作，并与省内16家企业建立了江苏省研究生工作站，其中6家为江苏省优秀研究生工作站','高级',1,'https://guli-edu-vectorx.oss-cn-shanghai.aliyuncs.com/teacher/1442297885942.jpg',0,0,'2019-10-30 14:18:46','2019-11-12 13:36:36'),('1189389726308478977','晴天','高级讲师简介','高级讲师资历',2,'https://guli-edu-vectorx.oss-cn-shanghai.aliyuncs.com/teacher/1442297919077.jpg',1,0,'2019-10-30 11:53:03','2019-10-30 11:53:03'),('1189390295668469762','李刚','高级讲师简介','高级讲师',2,'https://guli-edu-vectorx.oss-cn-shanghai.aliyuncs.com/teacher/1442297927029.jpg',2,0,'2019-10-30 11:55:19','2019-11-12 13:37:52'),('1189426437876985857','王二','高级讲师简介','高级讲师',1,'https://guli-edu-vectorx.oss-cn-shanghai.aliyuncs.com/teacher/1442297935589.jpg',0,0,'2019-10-30 14:18:56','2019-11-12 13:37:35'),('1189426464967995393','王五','高级讲师简介','高级讲师',1,'https://guli-edu-vectorx.oss-cn-shanghai.aliyuncs.com/teacher/1442297957332.jpg',0,0,'2019-10-30 14:19:02','2019-11-12 13:37:18'),('1192249914833055746','李四','高级讲师简介','高级讲师',1,'https://guli-edu-vectorx.oss-cn-shanghai.aliyuncs.com/teacher/1442297969808.jpg',0,0,'2019-11-07 09:18:25','2019-11-12 13:37:01'),('1192327476087115778','1222-12-12','1111','11',1,'https://guli-edu-vectorx.oss-cn-shanghai.aliyuncs.com/teacher/1442297977255.jpg',0,0,'2019-11-07 14:26:37','2019-11-11 16:26:26'),('1195337453429129218','test111','sdfsdf','sdfdf',1,'https://guli-edu-vectorx.oss-cn-shanghai.aliyuncs.com/teacher/1442297987091.jpg',0,0,'2019-11-15 21:47:12','2024-01-04 11:45:12'),('1739216318218903553','nnn','11111111','撒旦法噶是的',1,'https://guli-edu-vectorx.oss-cn-shanghai.aliyuncs.com/teacher/1442297999141.jpg',0,0,'2023-12-25 17:27:38','2023-12-25 17:36:36'),('1739218601946128386','222','111','111',1,'https://guli-edu-vectorx.oss-cn-shanghai.aliyuncs.com/teacher/1442298121626.jpg',0,0,'2023-12-25 17:36:42','2023-12-25 22:52:23'),('1742750395828088833','testest','dvbndsfg','asdfg',1,'https://guli-edu-vectorx.oss-cn-shanghai.aliyuncs.com/avatar/default.jpg',0,1,'2024-01-04 11:30:48','2024-01-04 11:30:48'),('1742750496613019650','1111','1111','111',1,'https://guli-edu-vectorx.oss-cn-shanghai.aliyuncs.com/avatar/default.jpg',0,0,'2024-01-04 11:31:12','2024-01-04 11:31:12'),('1742751696376901634','111111','111111111111','111111',1,'https://guli-edu-vectorx.oss-cn-shanghai.aliyuncs.com/avatar/default.jpg',0,0,'2024-01-04 11:35:58','2024-01-04 11:35:58'),('1742752357411794946','1111111111111','1111','11',1,'https://guli-edu-vectorx.oss-cn-shanghai.aliyuncs.com/avatar/default.jpg',0,0,'2024-01-04 11:38:35','2024-01-04 11:38:35'),('1742752767967047682','11111111111','','',1,'https://guli-edu-vectorx.oss-cn-shanghai.aliyuncs.com/avatar/default.jpg',0,0,'2024-01-04 11:40:13','2024-01-04 11:40:13');
/*!40000 ALTER TABLE `edu_teacher` ENABLE KEYS */;
UNLOCK TABLES;

--
-- Table structure for table `edu_video`
--

DROP TABLE IF EXISTS `edu_video`;
/*!40101 SET @saved_cs_client     = @@character_set_client */;
/*!40101 SET character_set_client = utf8 */;
CREATE TABLE `edu_video` (
  `id` char(19) NOT NULL COMMENT '视频ID',
  `course_id` char(19) NOT NULL COMMENT '课程ID',
  `chapter_id` char(19) NOT NULL COMMENT '章节ID',
  `title` varchar(50) NOT NULL COMMENT '节点名称',
  `video_source_id` varchar(100) DEFAULT NULL COMMENT '云端视频资源',
  `video_original_name` varchar(100) DEFAULT NULL COMMENT '原始文件名称',
  `sort` int(10) unsigned NOT NULL DEFAULT '0' COMMENT '排序字段',
  `play_count` bigint(20) unsigned NOT NULL DEFAULT '0' COMMENT '播放次数',
  `is_free` tinyint(1) unsigned NOT NULL DEFAULT '0' COMMENT '是否可以试听：0收费 1免费',
  `duration` float NOT NULL DEFAULT '0' COMMENT '视频时长（秒）',
  `status` varchar(20) NOT NULL DEFAULT 'Empty' COMMENT 'Empty未上传 Transcoding转码中  Normal正常',
  `size` bigint(20) unsigned NOT NULL DEFAULT '0' COMMENT '视频源文件大小（字节）',
  `version` bigint(20) unsigned NOT NULL DEFAULT '1' COMMENT '乐观锁',
  `gmt_create` datetime NOT NULL COMMENT '创建时间',
  `gmt_modified` datetime NOT NULL COMMENT '更新时间',
  `is_deleted` tinyint(1) unsigned NOT NULL DEFAULT '0' COMMENT '逻辑删除 1（true）已删除， 0（false）未删除',
  PRIMARY KEY (`id`),
  KEY `idx_course_id` (`course_id`),
  KEY `idx_chapter_id` (`chapter_id`)
) ENGINE=InnoDB DEFAULT CHARSET=utf8mb4 ROW_FORMAT=COMPACT COMMENT='课程视频';
/*!40101 SET character_set_client = @saved_cs_client */;

--
-- Dumping data for table `edu_video`
--

LOCK TABLES `edu_video` WRITE;
/*!40000 ALTER TABLE `edu_video` DISABLE KEYS */;
INSERT INTO `edu_video` VALUES ('1182499307429339137','18','32','第一节','','',0,0,0,0,'',0,1,'2019-10-11 11:32:59','2019-10-11 11:57:38',0),('1185312444399071234','14','1','12','','',0,0,0,0,'Empty',0,1,'2019-10-19 05:51:23','2019-10-19 05:51:33',0),('1189434737808990210','18','44','测试','','',1,0,0,0,'Empty',0,1,'2019-10-30 14:51:55','2019-10-30 14:51:55',0),('1189471423678939138','18','1181729226915577857','test','2b887dc9584d4dc68908780ec57cd3b9','视频',1,0,0,0,'Empty',0,1,'2019-10-30 17:17:41','2019-10-30 17:17:41',0),('1189476403626409986','18','1181729226915577857','22','5155c73dc112475cbbddccf4723f7cef','视频.mp4',0,0,0,0,'Empty',0,1,'2019-10-30 17:37:29','2019-10-30 17:37:29',0),('1192252824606289921','1192252213659774977','1192252428399751169','第一课时','756cf06db9cb4f30be85a9758b19c645','eae2b847ef8503b81f5d5593d769dde2.mp4',0,0,0,0,'Empty',0,1,'2019-11-07 09:29:59','2019-11-07 09:29:59',0),('1192628092797730818','1192252213659774977','1192252428399751169','第二课时','2a02d726622f4c7089d44cb993c531e1','eae2b847ef8503b81f5d5593d769dde2.mp4',0,0,1,0,'Empty',0,1,'2019-11-08 10:21:10','2019-11-08 10:21:22',0),('1192632495013380097','1192252213659774977','1192252428399751169','第三课时','4e560c892fdf4fa2b42e0671aa42fa9d','eae2b847ef8503b81f5d5593d769dde2.mp4',0,0,1,0,'Empty',0,1,'2019-11-08 10:38:40','2019-11-08 10:38:40',0),('1194117638832111617','1192252213659774977','1192252428399751169','第四课时','4e560c892fdf4fa2b42e0671aa42fa9d','eae2b847ef8503b81f5d5593d769dde2.mp4',0,0,0,0,'Empty',0,1,'2019-11-12 13:00:05','2019-11-12 13:00:05',0),('1196263770832023554','1192252213659774977','1192252428399751169','第五课时','27d21158b0834cb5a8d50710937de330','eae2b847ef8503b81f5d5593d769dde2.mp4',5,0,0,0,'Empty',0,1,'2019-11-18 11:08:03','2019-11-18 11:08:03',0),('17','18','15','第一节：Java简介','20fddf19a7ab71eebf965017e1f80102','陈一发儿 - 世界上的另一个我.mp4',1,1000,1,100,'Draft',0,1,'2019-01-01 13:08:57','2023-12-31 15:06:19',0),('1742755588862980098','1192252213659774977','1192252428399751169','test','','',0,0,0,0,'Empty',0,1,'2024-01-04 11:51:26','2024-01-04 11:51:26',1),('19','18','15','第三节：String类','808af00aa7cb71eebf990764a0ec0102','陈一发儿 - 孤勇者.mp4',3,888,0,100,'Draft',0,1,'2019-01-01 13:09:05','2023-12-31 18:55:03',0),('20','18','15','第四节：程序风格','2a38988892d84df598752226c50f3fa3','00-day10总结.avi',4,666,0,100,'Draft',0,1,'2019-01-01 13:09:05','2019-10-11 09:20:09',0);
/*!40000 ALTER TABLE `edu_video` ENABLE KEYS */;
UNLOCK TABLES;
SET @@SESSION.SQL_LOG_BIN = @MYSQLDUMP_TEMP_LOG_BIN;
/*!40103 SET TIME_ZONE=@OLD_TIME_ZONE */;

/*!40101 SET SQL_MODE=@OLD_SQL_MODE */;
/*!40014 SET FOREIGN_KEY_CHECKS=@OLD_FOREIGN_KEY_CHECKS */;
/*!40014 SET UNIQUE_CHECKS=@OLD_UNIQUE_CHECKS */;
/*!40101 SET CHARACTER_SET_CLIENT=@OLD_CHARACTER_SET_CLIENT */;
/*!40101 SET CHARACTER_SET_RESULTS=@OLD_CHARACTER_SET_RESULTS */;
/*!40101 SET COLLATION_CONNECTION=@OLD_COLLATION_CONNECTION */;
/*!40111 SET SQL_NOTES=@OLD_SQL_NOTES */;

-- Dump completed on 2024-01-08 22:56:45
